"Tabela 6960 - Produção, Venda e Valor da produção e Valor da venda na agroindústria rural nos estabelecimentos agropecuários, por tipologia, produtos da agroindústria rural, condição do produtor em relação às terras e grupos de atividade econômica",,,,,,,,,,,,,,,,,,,,,,,,,,,,,,,,,,,,,,,,,,,,,,,,,,,,,,,,,,,,,,,,,,,,,
Variável - Número de estabelecimentos agropecuários com agroindústria rural (Unidades),,,,,,,,,,,,,,,,,,,,,,,,,,,,,,,,,,,,,,,,,,,,,,,,,,,,,,,,,,,,,,,,,,,,,
Condição do produtor em relação às terras - Total,,,,,,,,,,,,,,,,,,,,,,,,,,,,,,,,,,,,,,,,,,,,,,,,,,,,,,,,,,,,,,,,,,,,,
Ano - 2017,,,,,,,,,,,,,,,,,,,,,,,,,,,,,,,,,,,,,,,,,,,,,,,,,,,,,,,,,,,,,,,,,,,,,
Brasil e Unidade da Federação,Grupos de atividade econômica,Tipologia x Produtos da agroindústria rural,,,,,,,,,,,,,,,,,,,,,,,,,,,,,,,,,,,,,,,,,,,,,,,,,,,,,,,,,,,,,,,,,,,
,,Agricultura familiar - não,,,,,,,,,,,,,,,,,,,,,,,,,,,,,,,,,,Agricultura familiar - sim,,,,,,,,,,,,,,,,,,,,,,,,,,,,,,,,,
,,Total,Aguardente de cana,Algodão em pluma,Caroço de algodão,Arroz em grão,Café torrado em grão,Café torrado e moído,Cajuína,Creme de leite,Doces e geléias,Farinha de mandioca,Fubá de milho,Fumo em rolo ou corda,Legumes e verduras (processadas),Licores,Manteiga,Melado,Óleos vegetais,"Pães, bolos e biscoitos",Polpa de frutas,Queijo e requeijão,Rapadura,Sucos de frutas,Vinho de uva,Carne de bovinos(verde),Carne de suínos(verde),Carne de outros animais(verde),"Carne tratada(de sol, salgada)","Embutidos(linguiças, salsichas, etc.)",Couros e peles,Carvão vegetal,Produtos de madeira,Outros produtos,Goma ou tapioca,Total,Aguardente de cana,Algodão em pluma,Caroço de algodão,Arroz em grão,Café torrado em grão,Café torrado e moído,Cajuína,Creme de leite,Doces e geléias,Farinha de mandioca,Fubá de milho,Fumo em rolo ou corda,Legumes e verduras (processadas),Licores,Manteiga,Melado,Óleos vegetais,"Pães, bolos e biscoitos",Polpa de frutas,Queijo e requeijão,Rapadura,Sucos de frutas,Vinho de uva,Carne de bovinos(verde),Carne de suínos(verde),Carne de outros animais(verde),"Carne tratada(de sol, salgada)","Embutidos(linguiças, salsichas, etc.)",Couros e peles,Carvão vegetal,Produtos de madeira,Outros produtos,Goma ou tapioca
Brasil,Total,131995,2364,145,32,4087,440,2958,185,233,9805,39596,1261,807,1483,270,1560,1495,2184,9066,4365,31277,2323,8535,1025,16928,20629,20382,664,4890,1709,9202,895,6512,7919,720644,8664,121,19,30544,1131,8360,595,2084,55701,315611,4083,6512,8153,1347,9951,18803,15825,62970,20812,143921,15838,44296,7056,103633,126914,101313,2456,39980,8646,48570,2091,32443,63387
,Produção de lavouras temporárias,53097,1356,132,29,2505,131,437,31,74,3911,27405,517,681,784,84,387,925,800,4620,994,3300,1238,3498,398,7742,8995,7669,126,2695,436,3250,161,2456,5342,375703,5335,42,7,19005,202,1415,123,863,25734,233671,1444,5222,4179,542,3394,9999,5919,35328,7262,26854,8272,21202,2450,49817,63446,46521,772,18792,2612,19227,563,17759,44673
,Horticultura e floricultura,1449,9,2,-,13,8,22,-,1,213,331,21,11,72,12,6,8,15,157,112,163,19,144,8,93,158,171,-,33,3,47,5,245,57,8089,58,21,-,163,14,106,2,5,889,2827,91,124,272,48,74,122,89,678,493,1191,130,595,91,661,1073,864,11,301,26,332,18,867,614
,Produção de lavouras permanentes,8835,145,-,-,83,204,1724,74,4,734,2450,131,2,58,44,34,43,91,294,1110,742,87,1209,347,265,432,648,4,112,19,212,50,604,629,41414,355,18,1,517,560,4309,235,9,3779,17958,534,25,208,122,258,341,346,1984,4693,4325,463,4115,1857,2053,3195,3065,14,1481,49,1008,100,2331,4176
,Produção de sementes e mudas certificadas,102,-,-,-,-,-,4,1,-,7,25,1,-,-,2,1,2,3,3,14,16,1,22,1,13,12,11,-,5,2,5,-,15,3,292,5,-,-,1,2,18,-,-,18,88,3,-,4,5,3,5,4,25,25,54,5,41,3,59,55,47,-,14,2,4,1,22,8
,Pecuária e criação de outros animais,59549,775,9,3,960,83,661,71,143,4502,7313,555,107,478,111,1093,457,592,3572,1573,26588,902,2915,227,8230,10035,10674,502,1872,1099,2714,415,2654,1408,253736,2713,17,9,7611,308,2236,220,1185,24137,46596,1808,928,3409,297,6104,8136,3343,23514,5657,110320,6625,14210,2546,49933,55992,47432,1518,18989,5315,12493,1011,9204,8879
,Produção florestal - florestas plantadas,1987,40,-,-,6,2,24,1,3,124,73,7,1,13,3,8,7,12,109,19,136,11,93,26,214,224,228,6,62,9,1089,146,88,19,5002,64,-,-,23,17,97,3,13,511,499,76,7,39,29,62,99,18,562,63,683,107,316,90,744,916,680,1,296,16,2279,97,237,176
,Produção florestal - florestas nativas,4498,20,2,-,308,11,83,1,1,155,1010,26,4,59,12,9,13,629,191,349,77,37,518,3,79,478,549,23,17,127,1654,114,298,307,33130,122,23,2,3110,27,171,9,9,555,11572,116,205,34,299,43,79,6039,747,2482,390,218,3486,15,285,2093,2524,127,86,612,12931,290,1817,4023
,Pesca,274,-,-,-,16,-,2,-,-,10,195,-,-,-,1,-,4,5,8,12,-,2,22,-,5,11,10,1,-,2,28,-,24,78,2587,2,-,-,50,1,2,-,-,38,2090,6,1,1,5,1,12,27,93,88,22,3,298,1,28,69,87,7,-,9,214,10,175,793
,Aquicultura,2204,19,-,-,196,1,1,6,7,149,794,3,1,19,1,22,36,37,112,182,255,26,114,15,287,284,422,2,94,12,203,4,128,76,691,10,-,-,64,-,6,3,-,40,310,5,-,7,-,12,10,40,39,49,82,15,33,3,53,75,93,6,21,5,82,1,31,45
Rondônia,Total,429,1,-,-,-,4,5,-,1,31,122,-,-,1,-,3,9,-,8,59,152,2,3,-,4,7,8,2,4,-,-,4,45,5,2430,5,-,-,2,84,32,-,2,75,1015,1,-,8,2,4,62,4,35,251,824,47,21,-,2,14,10,-,3,-,8,2,127,38
,Produção de lavouras temporárias,91,-,-,-,-,1,-,-,-,3,73,-,-,-,-,-,3,-,-,4,3,1,-,-,-,-,-,-,1,-,-,1,5,3,720,3,-,-,-,1,4,-,-,2,614,-,-,4,1,-,25,1,3,36,14,14,11,-,-,1,-,-,-,-,1,-,29,18
,Horticultura e floricultura,5,-,-,-,-,-,-,-,-,-,-,-,-,1,-,-,-,-,1,1,-,-,-,-,-,-,-,-,-,-,-,-,2,-,27,-,-,-,-,-,-,-,-,-,8,-,-,-,-,-,-,-,3,8,5,-,-,-,-,-,-,-,-,-,-,-,6,1
,Produção de lavouras permanentes,43,-,-,-,-,3,2,-,-,3,10,-,-,-,-,-,1,-,-,22,2,-,-,-,-,-,-,-,-,-,-,-,5,-,239,1,-,-,-,47,11,-,-,8,63,-,-,2,1,-,7,2,2,88,21,4,3,-,-,-,1,-,-,-,-,-,11,1
,Produção de sementes e mudas certificadas,1,-,-,-,-,-,-,-,-,1,-,-,-,-,-,-,-,-,-,-,-,-,-,-,-,-,-,-,-,-,-,-,-,-,2,-,-,-,-,-,-,-,-,-,1,-,-,-,-,-,-,-,-,-,1,-,-,-,-,-,-,-,-,-,-,-,-,-
,Pecuária e criação de outros animais,258,1,-,-,-,-,3,-,1,24,27,-,-,-,-,2,5,-,5,26,143,1,3,-,4,7,5,2,3,-,-,2,30,2,1319,1,-,-,2,36,17,-,2,63,224,1,-,2,-,4,30,-,26,109,782,28,5,-,2,13,9,-,3,-,3,2,79,18
,Produção florestal - florestas plantadas,1,-,-,-,-,-,-,-,-,-,-,-,-,-,-,-,-,-,-,-,-,-,-,-,-,-,-,-,-,-,-,-,1,-,1,-,-,-,-,-,-,-,-,-,1,-,-,-,-,-,-,-,-,-,-,-,-,-,-,-,-,-,-,-,-,-,-,-
,Produção florestal - florestas nativas,13,-,-,-,-,-,-,-,-,-,8,-,-,-,-,-,-,-,1,2,-,-,-,-,-,-,-,-,-,-,-,1,1,-,118,-,-,-,-,-,-,-,-,2,102,-,-,-,-,-,-,1,1,9,-,1,2,-,-,-,-,-,-,-,4,-,2,-
,Pesca,-,-,-,-,-,-,-,-,-,-,-,-,-,-,-,-,-,-,-,-,-,-,-,-,-,-,-,-,-,-,-,-,-,-,1,-,-,-,-,-,-,-,-,-,1,-,-,-,-,-,-,-,-,-,-,-,-,-,-,-,-,-,-,-,-,-,-,-
,Aquicultura,17,-,-,-,-,-,-,-,-,-,4,-,-,-,-,1,-,-,1,4,4,-,-,-,-,-,3,-,-,-,-,-,1,-,3,-,-,-,-,-,-,-,-,-,1,-,-,-,-,-,-,-,-,1,1,-,-,-,-,-,-,-,-,-,-,-,-,-
Acre,Total,1475,1,-,-,98,1,-,-,-,14,1021,10,2,-,2,2,4,-,17,155,134,17,43,-,52,69,67,6,-,-,68,32,52,131,13356,4,4,-,588,4,17,1,4,82,11312,17,124,5,16,6,82,3,44,783,641,144,147,-,253,370,283,26,-,-,606,59,339,1481
,Produção de lavouras temporárias,774,-,-,-,40,1,-,-,-,3,698,1,1,-,1,-,2,-,10,41,5,8,15,-,17,34,22,-,-,-,23,4,16,86,10012,4,1,-,303,1,8,-,1,24,9458,5,98,4,15,1,68,2,18,481,33,117,62,-,142,227,112,9,-,-,339,19,225,1194
,Horticultura e floricultura,4,-,-,-,-,-,-,-,-,-,1,-,-,-,-,-,-,-,-,2,-,-,-,-,-,-,-,-,-,-,-,-,1,-,61,-,-,-,5,-,-,-,-,2,21,1,1,1,-,-,1,-,1,18,2,1,4,-,-,2,1,-,-,-,2,-,4,13
,Produção de lavouras permanentes,61,-,-,-,2,-,-,-,-,1,29,-,-,-,-,-,1,-,-,19,2,3,4,-,1,-,2,-,-,-,3,-,5,6,405,-,-,-,11,2,3,-,1,4,274,-,2,-,-,-,4,-,-,75,7,6,10,-,2,3,8,-,-,-,28,-,13,35
,Produção de sementes e mudas certificadas,-,-,-,-,-,-,-,-,-,-,-,-,-,-,-,-,-,-,-,-,-,-,-,-,-,-,-,-,-,-,-,-,-,-,-,-,-,-,-,-,-,-,-,-,-,-,-,-,-,-,-,-,-,-,-,-,-,-,-,-,-,-,-,-,-,-,-,-
,Pecuária e criação de outros animais,479,1,-,-,39,-,-,-,-,9,221,4,-,-,1,2,1,-,6,50,118,1,15,-,30,29,37,6,-,-,35,16,15,28,2343,-,-,-,132,1,5,1,2,48,1254,10,20,-,-,5,7,1,20,149,592,20,63,-,83,77,99,15,-,-,158,37,66,183
,Produção florestal - florestas plantadas,-,-,-,-,-,-,-,-,-,-,-,-,-,-,-,-,-,-,-,-,-,-,-,-,-,-,-,-,-,-,-,-,-,-,-,-,-,-,-,-,-,-,-,-,-,-,-,-,-,-,-,-,-,-,-,-,-,-,-,-,-,-,-,-,-,-,-,-
,Produção florestal - florestas nativas,63,-,-,-,14,-,-,-,-,1,26,5,1,-,-,-,-,-,-,9,1,2,6,-,2,2,6,-,-,-,7,12,8,6,516,-,3,-,137,-,1,-,-,4,292,1,3,-,1,-,2,-,5,56,6,-,8,-,26,60,63,2,-,-,75,3,31,55
,Pesca,1,-,-,-,-,-,-,-,-,-,1,-,-,-,-,-,-,-,-,-,-,-,-,-,-,-,-,-,-,-,-,-,-,-,15,-,-,-,-,-,-,-,-,-,11,-,-,-,-,-,-,-,-,3,-,-,-,-,-,1,-,-,-,-,4,-,-,-
,Aquicultura,93,-,-,-,3,-,-,-,-,-,45,-,-,-,-,-,-,-,1,34,8,3,3,-,2,4,-,-,-,-,-,-,7,5,4,-,-,-,-,-,-,-,-,-,2,-,-,-,-,-,-,-,-,1,1,-,-,-,-,-,-,-,-,-,-,-,-,1
Amazonas,Total,5326,-,-,-,12,-,1,1,1,58,4202,-,2,-,17,18,15,21,146,743,388,7,469,-,19,14,15,4,1,-,126,9,469,2184,50266,16,53,1,71,9,27,1,16,278,46271,33,338,1,510,28,103,312,1922,4175,1528,54,4134,5,50,65,453,301,3,4,1760,70,5313,23795
,Produção de lavouras temporárias,3351,-,-,-,11,-,-,1,-,14,3266,-,1,-,10,-,9,9,95,198,1,5,228,-,3,4,6,2,-,-,80,2,291,1697,36620,10,21,-,62,3,10,1,3,125,36069,18,134,-,210,2,76,216,1454,1955,60,39,2562,4,6,26,260,215,-,2,999,36,3736,18229
,Horticultura e floricultura,47,-,-,-,-,-,-,-,-,2,28,-,-,-,-,-,-,-,3,10,1,-,5,-,-,-,-,-,-,-,-,-,8,15,587,1,9,-,1,-,1,-,-,9,446,4,38,-,18,-,1,2,21,136,4,-,84,-,-,-,-,-,-,-,53,1,118,267
,Produção de lavouras permanentes,676,-,-,-,-,-,1,-,-,8,311,-,-,-,6,1,3,5,12,303,6,-,109,-,-,5,1,-,-,-,8,1,38,144,4118,2,8,-,1,4,9,-,-,42,3004,3,1,1,14,-,8,15,152,1233,13,5,391,1,6,15,33,7,-,-,76,3,285,1309
,Produção de sementes e mudas certificadas,-,-,-,-,-,-,-,-,-,-,-,-,-,-,-,-,-,-,-,-,-,-,-,-,-,-,-,-,-,-,-,-,-,-,7,-,-,-,-,-,-,-,-,-,3,-,-,-,-,-,-,-,1,4,-,-,1,-,-,-,1,-,-,-,-,-,-,1
,Pecuária e criação de outros animais,813,-,-,-,-,-,-,-,1,30,273,-,-,-,1,17,1,1,15,126,377,-,54,-,15,5,4,2,-,-,8,2,64,107,3488,1,-,-,2,2,4,-,13,76,1723,2,3,-,3,24,9,10,72,415,1441,6,128,-,34,15,19,5,3,1,56,8,262,791
,Produção florestal - florestas plantadas,3,-,-,-,-,-,-,-,-,-,1,-,-,-,-,-,-,-,-,-,-,-,-,-,-,-,-,-,-,-,2,-,-,-,76,-,-,-,-,-,-,-,-,1,72,-,-,-,21,-,-,-,2,2,-,-,23,-,-,-,2,-,-,-,27,-,38,65
,Produção florestal - florestas nativas,243,-,-,-,1,-,-,-,-,-,197,-,1,-,-,-,-,6,13,45,1,-,56,-,-,-,2,-,-,-,24,4,41,141,4103,1,15,1,5,-,3,-,-,18,3744,1,162,-,241,2,4,63,146,380,8,2,818,-,4,7,134,70,-,1,498,18,729,2433
,Pesca,97,-,-,-,-,-,-,-,-,2,89,-,-,-,-,-,2,-,8,3,-,2,10,-,-,-,-,-,-,-,3,-,17,64,1244,1,-,-,-,-,-,-,-,7,1196,5,-,-,3,-,5,5,74,38,2,2,125,-,-,2,4,4,-,-,50,4,144,696
,Aquicultura,96,-,-,-,-,-,-,-,-,2,37,-,-,-,-,-,-,-,-,58,2,-,7,-,1,-,2,-,1,-,1,-,10,16,23,-,-,-,-,-,-,-,-,-,14,-,-,-,-,-,-,1,-,12,-,-,2,-,-,-,-,-,-,-,1,-,1,4
Roraima,Total,1003,-,4,-,7,-,2,-,-,27,595,1,-,3,-,3,2,-,1,57,91,-,12,-,162,102,56,46,3,2,18,1,195,172,6158,-,23,-,45,-,5,1,1,68,4296,2,-,2,5,4,4,1,6,335,184,3,60,-,305,181,42,38,1,7,41,3,2252,1265
,Produção de lavouras temporárias,461,-,2,-,6,-,-,-,-,4,404,1,-,-,-,-,-,-,1,9,1,-,6,-,14,20,5,-,1,-,8,-,129,113,3705,-,4,-,19,-,1,1,-,12,3105,2,-,-,5,-,2,1,3,54,3,2,28,-,62,53,6,5,-,1,16,-,1510,789
,Horticultura e floricultura,13,-,2,-,-,-,-,-,-,-,8,-,-,-,-,-,-,-,-,1,1,-,-,-,1,1,1,-,-,-,-,-,8,4,136,-,10,-,-,-,-,-,-,2,75,-,-,-,-,-,-,-,-,14,-,-,-,-,1,1,1,-,-,-,1,-,98,25
,Produção de lavouras permanentes,50,-,-,-,-,-,-,-,-,-,32,-,-,-,-,-,1,-,-,15,-,-,1,-,3,2,1,1,-,-,-,-,6,11,526,-,9,-,2,-,2,-,1,4,202,-,-,-,-,-,-,-,1,151,10,-,6,-,5,3,1,1,-,-,3,-,199,69
,Produção de sementes e mudas certificadas,-,-,-,-,-,-,-,-,-,-,-,-,-,-,-,-,-,-,-,-,-,-,-,-,-,-,-,-,-,-,-,-,-,-,2,-,-,-,-,-,-,-,-,1,-,-,-,-,-,-,-,-,1,-,-,-,-,-,-,-,-,-,-,-,-,-,1,1
,Pecuária e criação de outros animais,417,-,-,-,1,-,2,-,-,20,128,-,-,2,-,3,1,-,-,22,85,-,2,-,137,77,48,41,2,2,4,-,41,34,1315,-,-,-,21,-,2,-,-,47,783,-,-,1,-,4,1,-,1,108,169,-,19,-,234,120,32,31,1,5,8,-,228,182
,Produção florestal - florestas plantadas,7,-,-,-,-,-,-,-,-,1,1,-,-,-,-,-,-,-,-,1,-,-,1,-,5,-,1,4,-,-,-,-,-,-,6,-,-,-,-,-,-,-,-,1,5,-,-,-,-,-,-,-,-,-,-,-,-,-,-,-,-,-,-,-,1,-,4,1
,Produção florestal - florestas nativas,20,-,-,-,-,-,-,-,-,-,8,-,-,-,-,-,-,-,-,1,-,-,2,-,-,-,-,-,-,-,5,1,10,2,458,-,-,-,3,-,-,-,-,-,121,-,-,1,-,-,1,-,-,5,-,1,7,-,3,3,1,1,-,1,12,3,211,197
,Pesca,1,-,-,-,-,-,-,-,-,-,1,-,-,-,-,-,-,-,-,-,-,-,-,-,-,-,-,-,-,-,-,-,-,1,5,-,-,-,-,-,-,-,-,1,3,-,-,-,-,-,-,-,-,-,1,-,-,-,-,-,1,-,-,-,-,-,-,1
,Aquicultura,34,-,-,-,-,-,-,-,-,2,13,-,-,1,-,-,-,-,-,8,4,-,-,-,2,2,-,-,-,-,1,-,1,7,5,-,-,-,-,-,-,-,-,-,2,-,-,-,-,-,-,-,-,3,1,-,-,-,-,1,-,-,-,-,-,-,1,-
Pará,Total,8499,2,-,-,171,-,4,-,2,57,6102,9,11,2,3,19,8,19,28,834,1064,1,485,-,44,18,5,4,2,1,255,27,260,345,83414,3,-,-,1135,14,43,5,2,166,72766,28,90,5,65,19,150,171,101,6009,3452,20,4138,-,99,76,16,14,3,5,2723,128,1219,3474
,Produção de lavouras temporárias,5197,2,-,-,101,-,-,-,-,5,5009,4,9,-,1,1,7,2,20,183,16,1,109,-,4,4,-,-,-,-,153,4,93,274,62274,1,-,-,861,3,16,3,-,32,61377,14,76,1,32,-,125,26,44,2146,97,4,1208,-,13,30,8,1,1,1,1868,20,753,2796
,Horticultura e floricultura,62,-,-,-,1,-,-,-,-,2,24,-,-,1,-,-,-,1,1,15,-,-,2,-,-,-,-,-,-,-,1,-,19,4,386,-,-,-,3,-,-,-,-,4,287,-,1,3,1,-,1,-,4,48,5,-,11,-,-,-,-,-,-,-,26,-,45,18
,Produção de lavouras permanentes,819,-,-,-,44,-,-,-,-,4,372,-,-,1,-,-,-,2,-,259,16,-,141,-,1,1,-,-,-,-,15,2,70,21,6284,-,-,-,130,8,12,-,-,23,4262,-,1,1,4,-,5,20,2,1485,73,1,843,-,8,6,1,-,-,-,135,2,126,216
,Produção de sementes e mudas certificadas,3,-,-,-,-,-,-,-,-,-,2,-,-,-,-,-,-,-,-,-,-,-,2,-,-,-,-,-,-,-,-,-,-,1,18,-,-,-,-,1,-,-,-,-,9,-,-,-,-,-,-,1,-,7,-,-,1,-,-,-,-,-,-,-,1,-,-,-
,Pecuária e criação de outros animais,1881,-,-,-,19,-,4,-,2,46,480,5,2,-,1,18,-,3,5,250,1019,-,87,-,35,12,4,3,1,1,35,4,66,34,8518,2,-,-,114,-,8,1,2,96,3893,10,4,-,-,17,11,11,19,1085,3258,14,315,-,75,35,7,9,2,4,255,7,170,230
,Produção florestal - florestas plantadas,29,-,-,-,3,-,-,-,-,-,15,-,-,-,1,-,-,2,-,1,2,-,1,-,-,-,-,-,-,-,11,5,1,-,109,-,-,-,2,-,-,-,-,2,79,1,1,-,2,1,-,-,1,10,-,-,4,-,1,-,-,-,-,-,42,7,-,3
,Produção florestal - florestas nativas,355,-,-,-,1,-,-,-,-,-,101,-,-,-,-,-,-,9,1,102,1,-,127,-,1,-,-,-,1,-,38,12,5,5,5169,-,-,-,23,1,6,1,-,4,2381,3,6,-,26,-,8,113,30,1206,8,1,1610,-,2,5,-,1,-,-,370,90,105,164
,Pesca,69,-,-,-,-,-,-,-,-,-,54,-,-,-,-,-,-,-,-,4,-,-,8,-,2,1,-,1,-,-,1,-,3,4,599,-,-,-,2,1,1,-,-,5,433,-,1,-,-,1,-,-,1,18,4,-,145,-,-,-,-,3,-,-,22,2,18,46
,Aquicultura,84,-,-,-,2,-,-,-,-,-,45,-,-,-,-,-,1,-,1,20,10,-,8,-,1,-,1,-,-,-,1,-,3,2,57,-,-,-,-,-,-,-,-,-,45,-,-,-,-,-,-,-,-,4,7,-,1,-,-,-,-,-,-,-,4,-,2,1
Amapá,Total,732,-,2,-,5,-,1,-,-,8,447,5,2,-,1,1,7,22,21,223,65,1,126,1,7,20,32,-,-,1,52,18,48,162,4471,-,3,-,38,-,9,-,-,34,3507,38,25,1,7,1,10,106,86,1078,89,-,698,-,16,37,77,-,-,5,95,89,454,1196
,Produção de lavouras temporárias,344,-,-,-,1,-,-,-,-,1,314,3,1,-,-,-,1,4,2,73,1,-,31,-,-,2,9,-,-,-,14,6,33,124,2797,-,2,-,28,-,4,-,-,11,2688,30,21,-,2,-,3,63,41,559,5,-,170,-,3,14,56,-,-,5,48,36,379,913
,Horticultura e floricultura,18,-,-,-,-,-,-,-,-,2,8,-,-,-,-,-,-,-,3,7,-,-,1,-,-,-,1,-,-,-,1,-,-,4,155,-,-,-,1,-,-,-,-,2,129,-,-,-,-,-,-,2,4,32,-,-,3,-,-,-,-,-,-,-,2,-,3,98
,Produção de lavouras permanentes,73,-,-,-,1,-,-,-,-,-,26,-,-,-,-,-,1,2,-,47,-,-,16,-,1,1,3,-,-,-,9,-,1,3,410,-,-,-,8,-,2,-,-,1,202,-,-,-,-,-,-,2,2,245,1,-,81,-,1,3,3,-,-,-,13,1,6,28
,Produção de sementes e mudas certificadas,3,-,-,-,-,-,-,-,-,1,-,-,-,-,-,-,-,1,-,3,-,-,2,-,-,-,-,-,-,-,-,-,-,-,2,-,-,-,-,-,-,-,-,-,1,-,-,-,-,-,-,-,-,1,-,-,1,-,-,-,-,-,-,-,1,-,1,1
,Pecuária e criação de outros animais,164,-,-,-,-,-,-,-,-,2,37,-,-,-,-,1,-,1,7,48,62,1,30,1,6,11,16,-,-,-,6,4,4,10,318,-,-,-,-,-,2,-,-,8,124,-,-,1,2,1,1,4,9,102,83,-,46,-,11,6,15,-,-,-,2,4,17,27
,Produção florestal - florestas plantadas,-,-,-,-,-,-,-,-,-,-,-,-,-,-,-,-,-,-,-,-,-,-,-,-,-,-,-,-,-,-,-,-,-,-,2,-,-,-,-,-,-,-,-,-,-,-,-,-,-,-,-,-,-,1,-,-,-,-,-,-,-,-,-,-,1,-,-,-
,Produção florestal - florestas nativas,106,-,2,-,2,-,1,-,-,2,51,2,1,-,1,-,4,14,9,36,1,-,43,-,-,5,3,-,-,1,19,8,9,18,759,-,1,-,1,-,1,-,-,11,352,8,4,-,3,-,6,34,30,129,-,-,386,-,1,14,3,-,-,-,28,46,48,126
,Pesca,1,-,-,-,-,-,-,-,-,-,1,-,-,-,-,-,-,-,-,-,-,-,-,-,-,-,-,-,-,-,-,-,-,-,22,-,-,-,-,-,-,-,-,1,10,-,-,-,-,-,-,1,-,6,-,-,8,-,-,-,-,-,-,-,-,2,-,3
,Aquicultura,23,-,-,-,1,-,-,-,-,-,10,-,-,-,-,-,1,-,-,9,1,-,3,-,-,1,-,-,-,-,3,-,1,3,6,-,-,-,-,-,-,-,-,-,1,-,-,-,-,-,-,-,-,3,-,-,3,-,-,-,-,-,-,-,-,-,-,-
Tocantins,Total,2558,7,-,-,109,2,2,-,-,167,899,6,1,81,11,58,5,39,36,176,887,34,63,-,213,279,164,30,21,2,26,6,250,41,9560,16,1,-,660,2,7,2,-,472,5509,7,6,53,15,93,37,435,119,826,2169,202,219,-,506,787,511,71,39,4,342,2,411,172
,Produção de lavouras temporárias,558,5,-,-,52,1,1,-,-,28,376,3,-,14,1,6,1,9,5,20,51,14,13,-,28,42,19,4,2,-,3,-,45,14,2818,6,-,-,281,-,1,-,-,64,2400,2,2,6,2,17,16,102,12,136,128,78,31,-,49,162,122,10,4,1,56,-,76,72
,Horticultura e floricultura,14,-,-,-,-,-,-,-,-,2,6,1,-,-,-,1,1,1,-,3,1,2,-,-,-,1,-,-,-,-,-,-,1,-,102,-,-,-,2,-,-,-,-,3,57,-,-,1,-,-,-,5,-,12,5,2,3,-,-,3,4,-,-,-,2,-,15,1
,Produção de lavouras permanentes,30,-,-,-,1,-,-,-,-,2,9,-,-,-,-,-,-,1,-,11,2,-,1,-,-,-,2,-,-,-,-,-,5,-,136,-,-,-,10,-,-,1,-,7,59,-,-,-,1,1,1,8,-,64,6,2,4,-,-,5,4,1,-,-,6,-,4,4
,Produção de sementes e mudas certificadas,-,-,-,-,-,-,-,-,-,-,-,-,-,-,-,-,-,-,-,-,-,-,-,-,-,-,-,-,-,-,-,-,-,-,1,-,-,-,-,-,-,-,-,-,-,-,-,-,-,-,-,1,-,-,-,-,-,-,-,-,-,-,-,-,-,-,-,-
,Pecuária e criação de outros animais,1748,2,-,-,53,1,1,-,-,124,469,2,1,37,9,49,3,22,30,129,826,18,44,-,183,226,133,25,19,2,12,4,109,24,5944,10,1,-,349,2,6,-,-,363,2887,5,4,39,12,72,20,190,106,485,2018,118,176,-,453,602,365,59,35,3,157,2,171,94
,Produção florestal - florestas plantadas,7,-,-,-,1,-,-,-,-,-,1,-,-,-,-,-,-,-,-,-,-,-,-,-,-,-,-,-,-,-,3,2,-,-,12,-,-,-,3,-,-,-,-,-,6,-,-,-,-,-,-,1,-,-,1,-,-,-,-,-,-,-,-,-,2,-,1,-
,Produção florestal - florestas nativas,178,-,-,-,2,-,-,-,-,10,24,-,-,30,1,2,-,6,1,12,2,-,5,-,2,8,6,1,-,-,8,-,90,2,530,-,-,-,15,-,-,1,-,33,91,-,-,7,-,3,-,128,1,127,8,1,5,-,3,13,15,-,-,-,119,-,144,1
,Pesca,-,-,-,-,-,-,-,-,-,-,-,-,-,-,-,-,-,-,-,-,-,-,-,-,-,-,-,-,-,-,-,-,-,-,9,-,-,-,-,-,-,-,-,2,6,-,-,-,-,-,-,-,-,2,1,-,-,-,-,-,-,-,-,-,-,-,-,-
,Aquicultura,23,-,-,-,-,-,-,-,-,1,14,-,-,-,-,-,-,-,-,1,5,-,-,-,-,2,4,-,-,-,-,-,-,1,8,-,-,-,-,-,-,-,-,-,3,-,-,-,-,-,-,-,-,-,2,1,-,-,1,2,1,1,-,-,-,-,-,-
Maranhão,Total,10713,95,-,-,2614,-,-,11,-,67,6388,59,-,1,1,2,3,1025,19,214,279,15,105,-,165,178,61,4,-,2,2371,11,109,471,91662,401,-,-,20769,1,2,45,-,305,63138,228,2,1,14,7,21,8672,64,869,909,62,538,-,653,1063,243,26,2,4,19459,44,530,5687
,Produção de lavouras temporárias,6376,63,-,-,1644,-,-,-,-,15,4621,22,-,-,-,-,3,447,11,56,7,6,40,-,27,55,15,-,-,-,947,1,21,380,62161,316,-,-,12834,-,1,8,-,90,51109,101,1,-,10,-,15,3397,31,255,13,39,224,-,206,462,95,1,-,2,7631,5,226,4890
,Horticultura e floricultura,45,-,-,-,9,-,-,-,-,1,22,-,-,1,-,-,-,4,-,6,1,-,2,-,-,-,2,-,-,-,11,-,3,-,446,-,-,-,128,-,-,-,-,1,217,3,-,1,-,-,-,48,2,14,3,-,10,-,3,8,3,1,-,-,104,-,14,7
,Produção de lavouras permanentes,105,1,-,-,16,-,-,7,-,3,42,-,-,-,-,-,-,3,1,20,-,-,4,-,5,2,1,-,-,-,25,-,6,8,979,4,-,-,206,-,-,25,-,27,447,1,-,-,1,-,-,63,2,85,1,2,40,-,23,33,9,-,-,-,246,-,45,73
,Produção de sementes e mudas certificadas,3,-,-,-,-,-,-,-,-,-,1,-,-,-,-,-,-,-,-,1,1,-,-,-,-,-,-,-,-,-,1,-,-,-,3,-,-,-,1,-,-,-,-,-,1,-,-,-,-,-,-,-,-,-,-,-,-,-,-,-,-,-,-,-,2,-,-,-
,Pecuária e criação de outros animais,2431,26,-,-,565,-,-,4,-,42,932,33,-,-,1,2,-,256,2,78,257,8,36,-,112,102,33,4,-,2,524,8,57,43,17165,67,-,-,5299,1,1,11,-,156,8579,111,1,-,2,7,6,1723,19,293,883,21,150,-,388,403,108,23,2,1,3629,28,107,483
,Produção florestal - florestas plantadas,21,-,-,-,1,-,-,-,-,-,2,-,-,-,-,-,-,-,-,1,1,-,-,-,1,-,-,-,-,-,15,1,1,-,61,-,-,-,14,-,-,-,-,-,14,1,-,-,-,-,-,11,-,1,1,-,-,-,1,2,1,-,-,-,39,1,-,-
,Produção florestal - florestas nativas,895,3,-,-,211,-,-,-,-,3,183,4,-,-,-,-,-,291,1,31,2,1,14,-,3,6,2,-,-,-,678,1,14,20,10220,13,-,-,2207,-,-,1,-,28,2283,10,-,-,1,-,-,3413,7,204,5,-,107,-,25,138,22,1,-,1,7677,10,137,206
,Pesca,43,-,-,-,12,-,-,-,-,-,26,-,-,-,-,-,-,2,-,2,-,-,-,-,-,3,2,-,-,-,13,-,1,1,379,-,-,-,37,-,-,-,-,1,301,1,-,-,-,-,-,7,3,9,-,-,7,-,3,12,3,-,-,-,94,-,-,16
,Aquicultura,794,2,-,-,156,-,-,-,-,3,559,-,-,-,-,-,-,22,4,19,10,-,9,-,17,10,6,-,-,-,157,-,6,19,248,1,-,-,43,-,-,-,-,2,187,-,-,-,-,-,-,10,-,8,3,-,-,-,4,5,2,-,-,-,37,-,1,12
Piauí,Total,6352,49,-,-,925,-,-,134,3,467,1200,15,-,10,1,53,22,760,60,108,329,53,227,-,177,1092,1495,110,3,382,1856,69,114,751,31132,222,-,-,6611,-,-,390,9,1587,7500,66,3,22,4,362,79,4966,175,368,1138,506,631,-,524,4497,6426,353,20,1520,9387,255,400,5277
,Produção de lavouras temporárias,2592,38,-,-,570,-,-,24,-,111,769,6,-,2,-,3,11,248,14,26,15,29,55,-,30,354,414,9,-,72,790,27,31,470,14196,165,-,-,4261,-,-,77,-,331,4937,29,2,2,2,16,40,1798,28,118,40,340,218,-,106,1447,1968,33,1,340,3823,80,126,3486
,Horticultura e floricultura,39,-,-,-,1,-,-,-,-,-,11,-,-,1,-,-,-,3,3,1,1,-,-,-,1,8,7,-,-,1,10,-,7,7,139,-,-,-,15,-,-,1,-,10,21,-,-,2,-,-,2,19,2,10,2,1,1,-,-,24,27,1,-,2,44,1,13,16
,Produção de lavouras permanentes,206,3,-,-,14,-,-,49,-,38,34,-,-,-,1,1,-,15,1,15,2,2,18,-,2,25,32,-,-,2,32,-,9,21,913,1,-,-,119,-,-,133,-,92,273,-,-,-,2,2,1,52,4,29,8,18,28,-,13,120,118,-,-,5,146,8,17,207
,Produção de sementes e mudas certificadas,2,-,-,-,-,-,-,-,-,1,-,-,-,-,-,-,-,-,-,1,-,-,1,-,-,1,-,-,-,-,1,-,-,-,1,-,-,-,-,-,-,-,-,-,-,-,-,-,-,-,-,-,-,-,-,-,-,-,-,1,-,-,-,-,-,-,-,-
,Pecuária e criação de outros animais,2731,6,-,-,228,-,-,56,3,268,309,8,-,5,-,49,10,230,36,48,305,17,136,-,124,599,866,91,2,282,586,35,58,198,11490,49,-,-,1483,-,-,171,8,1034,1857,35,-,15,-,337,35,1068,112,164,1074,139,326,-,378,2339,3420,283,18,1043,2644,140,187,1245
,Produção florestal - florestas plantadas,14,-,-,-,-,-,-,-,-,-,-,-,-,-,-,-,-,1,-,-,-,-,-,-,4,1,6,1,-,2,3,-,-,-,18,-,-,-,-,-,-,-,-,1,1,-,-,-,-,-,-,2,-,1,-,-,-,-,2,3,7,1,-,4,4,-,-,1
,Produção florestal - florestas nativas,634,1,-,-,74,-,-,-,-,36,50,-,-,-,-,-,1,250,5,10,5,1,10,-,7,84,145,9,1,19,398,7,6,36,4243,5,-,-,702,-,-,5,1,112,381,2,1,2,-,7,1,1994,29,44,10,7,50,-,22,552,868,33,1,121,2662,25,56,300
,Pesca,16,-,-,-,4,-,-,-,-,1,5,-,-,-,-,-,-,2,-,-,-,-,1,-,2,3,1,-,-,-,10,-,-,4,50,-,-,-,11,-,-,-,-,4,11,-,-,-,-,-,-,6,-,-,-,-,5,-,-,3,8,-,-,4,31,-,-,4
,Aquicultura,118,1,-,-,34,-,-,5,-,12,22,1,-,2,-,-,-,11,1,7,1,4,6,-,7,17,24,-,-,4,26,-,3,15,82,2,-,-,20,-,-,3,-,3,19,-,-,1,-,-,-,27,-,2,4,1,3,-,3,8,10,2,-,1,33,1,1,18
Ceará,Total,9319,38,2,-,62,6,15,30,3,313,3322,52,-,5,2,56,16,33,74,100,1682,102,242,-,97,1150,809,3,1,105,1935,25,423,1658,35251,117,11,-,215,6,24,127,3,1124,15456,152,2,26,2,182,48,219,137,162,6766,240,619,-,289,3691,2705,4,2,349,6390,47,1429,8619
,Produção de lavouras temporárias,3827,23,-,-,32,1,2,4,-,73,2024,31,-,3,-,2,11,8,19,18,55,59,78,-,16,449,214,-,-,20,904,7,167,966,14652,74,4,-,133,1,7,21,1,228,9207,71,-,14,-,11,22,39,35,22,269,133,216,-,42,1373,725,1,-,78,2881,11,476,4959
,Horticultura e floricultura,107,1,-,-,1,1,3,-,-,6,42,2,-,1,-,-,-,-,6,6,3,3,7,-,-,3,3,-,-,1,13,1,18,5,334,-,-,-,-,1,2,1,-,23,183,5,-,-,-,-,2,-,5,7,14,6,8,-,1,28,9,-,-,2,50,1,23,43
,Produção de lavouras permanentes,877,6,-,-,-,3,5,18,-,66,619,-,-,1,1,-,1,4,8,38,25,18,32,-,6,27,13,-,-,-,38,1,43,369,3790,9,-,-,7,3,6,75,-,254,3042,4,-,-,1,1,3,13,16,56,47,35,42,-,4,84,28,-,1,2,160,3,199,1930
,Produção de sementes e mudas certificadas,2,-,-,-,-,-,-,1,-,1,1,-,-,-,-,-,-,-,-,1,-,-,-,-,-,-,-,-,-,-,-,-,1,1,2,-,-,-,-,-,-,-,-,-,1,-,-,-,-,-,-,-,-,1,-,-,-,-,-,-,-,-,-,-,-,-,-,-
,Pecuária e criação de outros animais,3991,7,2,-,28,1,5,5,3,154,579,19,-,-,-,52,4,9,40,34,1571,21,107,-,72,620,546,3,1,74,652,15,169,280,14667,17,7,-,66,1,6,27,2,581,2619,67,2,10,1,169,18,44,78,73,6312,52,288,-,229,1960,1802,3,1,252,2467,29,647,1381
,Produção florestal - florestas plantadas,38,-,-,-,-,-,-,1,-,2,20,-,-,-,1,1,-,-,-,-,5,1,2,-,-,3,6,-,-,3,5,-,2,16,169,-,-,-,1,-,-,3,-,10,79,-,-,-,-,-,-,-,-,-,14,-,-,-,4,27,24,-,-,-,27,-,11,65
,Produção florestal - florestas nativas,456,1,-,-,1,-,-,-,-,9,31,-,-,-,-,1,-,12,1,2,20,-,16,-,2,46,24,-,-,7,320,1,22,17,1591,17,-,-,8,-,3,-,-,27,303,5,-,1,-,1,3,123,3,3,105,14,64,-,9,217,115,-,-,15,794,1,67,223
,Pesca,3,-,-,-,-,-,-,-,-,1,1,-,-,-,-,-,-,-,-,-,-,-,-,-,-,-,-,-,-,-,1,-,-,-,33,-,-,-,-,-,-,-,-,-,18,-,-,1,-,-,-,-,-,-,2,-,-,-,-,-,1,-,-,-,10,2,2,16
,Aquicultura,18,-,-,-,-,-,-,1,-,1,5,-,-,-,-,-,-,-,-,1,3,-,-,-,1,2,3,-,-,-,2,-,1,4,13,-,-,-,-,-,-,-,-,1,4,-,-,-,-,-,-,-,-,-,3,-,1,-,-,2,1,-,-,-,1,-,4,2
Rio Grande do Norte,Total,728,4,-,-,-,-,-,-,5,43,67,-,-,-,-,49,4,2,8,17,319,7,3,-,22,29,135,1,-,-,59,-,79,22,2778,1,-,-,4,-,-,-,6,165,533,5,-,-,-,123,8,8,24,84,1044,30,22,-,37,159,350,1,1,3,261,-,257,163
,Produção de lavouras temporárias,118,4,-,-,-,-,-,-,1,13,46,-,-,-,-,1,2,-,2,4,12,4,-,-,1,3,11,-,-,-,5,-,24,19,562,1,-,-,2,-,-,-,1,29,316,-,-,-,-,1,2,2,2,8,28,7,5,-,5,27,34,-,-,-,39,-,80,102
,Horticultura e floricultura,4,-,-,-,-,-,-,-,-,-,1,-,-,-,-,-,-,-,-,-,2,-,-,-,-,-,-,-,-,-,-,-,1,-,35,-,-,-,-,-,-,-,-,3,14,-,-,-,-,-,-,-,2,3,4,-,1,-,-,2,1,-,-,-,2,-,4,4
,Produção de lavouras permanentes,19,-,-,-,-,-,-,-,-,2,1,-,-,-,-,-,-,-,-,3,4,-,1,-,-,1,1,-,-,-,1,-,7,-,108,-,-,-,-,-,-,-,-,17,18,-,-,-,-,-,-,1,2,27,4,1,-,-,-,1,-,-,-,-,4,-,36,5
,Produção de sementes e mudas certificadas,-,-,-,-,-,-,-,-,-,-,-,-,-,-,-,-,-,-,-,-,-,-,-,-,-,-,-,-,-,-,-,-,-,-,-,-,-,-,-,-,-,-,-,-,-,-,-,-,-,-,-,-,-,-,-,-,-,-,-,-,-,-,-,-,-,-,-,-
,Pecuária e criação de outros animais,569,-,-,-,-,-,-,-,4,28,19,-,-,-,-,48,2,1,6,10,300,3,2,-,21,23,119,1,-,-,45,-,40,3,1992,-,-,-,2,-,-,-,5,112,183,5,-,-,-,120,6,5,17,46,1001,21,15,-,32,125,305,1,1,3,168,-,121,51
,Produção florestal - florestas plantadas,6,-,-,-,-,-,-,-,-,-,-,-,-,-,-,-,-,-,-,-,-,-,-,-,-,-,1,-,-,-,3,-,2,-,14,-,-,-,-,-,-,-,-,2,-,-,-,-,-,1,-,-,-,-,5,1,-,-,-,-,-,-,-,-,4,-,3,-
,Produção florestal - florestas nativas,9,-,-,-,-,-,-,-,-,-,-,-,-,-,-,-,-,1,-,-,-,-,-,-,-,2,3,-,-,-,5,-,3,-,65,-,-,-,-,-,-,-,-,2,1,-,-,-,-,1,-,-,1,-,2,-,1,-,-,3,9,-,-,-,43,-,13,1
,Pesca,-,-,-,-,-,-,-,-,-,-,-,-,-,-,-,-,-,-,-,-,-,-,-,-,-,-,-,-,-,-,-,-,-,-,2,-,-,-,-,-,-,-,-,-,1,-,-,-,-,-,-,-,-,-,-,-,-,-,-,1,1,-,-,-,1,-,-,-
,Aquicultura,3,-,-,-,-,-,-,-,-,-,-,-,-,-,-,-,-,-,-,-,1,-,-,-,-,-,-,-,-,-,-,-,2,-,-,-,-,-,-,-,-,-,-,-,-,-,-,-,-,-,-,-,-,-,-,-,-,-,-,-,-,-,-,-,-,-,-,-
Paraíba,Total,2250,32,3,-,7,-,-,-,5,65,204,14,-,-,5,42,6,5,48,17,852,17,99,-,41,232,253,2,-,9,410,12,148,11,8973,9,11,-,12,2,1,-,2,224,1163,56,-,1,5,148,25,2,170,66,4188,42,251,5,89,643,453,10,-,22,1861,38,567,91
,Produção de lavouras temporárias,500,26,1,-,3,-,-,-,-,15,132,4,-,-,-,4,2,4,22,2,29,6,32,-,5,63,33,-,-,-,114,3,52,8,1879,6,4,-,4,1,-,-,-,35,731,18,-,1,1,1,8,-,75,11,167,14,83,-,11,104,76,1,-,-,442,6,245,61
,Horticultura e floricultura,31,-,-,-,-,-,-,-,-,2,15,-,-,-,1,-,-,-,1,-,6,-,1,-,-,-,1,-,-,-,2,-,6,2,144,-,-,-,-,-,-,-,-,7,56,1,-,-,1,-,2,1,4,10,31,3,2,-,3,8,5,-,-,-,8,-,15,6
,Produção de lavouras permanentes,28,4,-,-,-,-,-,-,-,1,3,-,-,-,1,-,-,-,1,5,4,1,3,-,2,2,-,-,-,-,4,-,1,-,115,2,-,-,-,-,-,-,-,10,44,2,-,-,1,2,-,-,5,6,8,-,13,5,-,3,-,-,-,-,10,1,11,3
,Produção de sementes e mudas certificadas,2,-,-,-,-,-,-,-,-,-,-,-,-,-,-,-,-,-,-,-,1,-,-,-,-,-,-,-,-,-,1,-,-,-,1,-,-,-,-,-,-,-,-,-,1,-,-,-,-,-,-,-,-,-,-,-,-,-,-,-,-,-,-,-,-,-,-,-
,Pecuária e criação de outros animais,1603,2,2,-,4,-,-,-,5,46,51,9,-,-,3,38,4,-,24,10,807,10,56,-,34,164,212,2,-,9,229,7,84,1,6418,1,4,-,6,1,1,-,2,162,314,34,-,-,2,143,15,1,85,34,3942,25,142,-,74,493,362,9,-,22,1123,27,270,21
,Produção florestal - florestas plantadas,2,-,-,-,-,-,-,-,-,1,-,-,-,-,-,-,-,-,-,-,-,-,1,-,-,-,-,-,-,-,1,-,-,-,12,-,-,-,-,-,-,-,-,-,1,-,-,-,-,-,-,-,-,1,-,-,-,-,-,-,-,-,-,-,9,-,1,-
,Produção florestal - florestas nativas,78,-,-,-,-,-,-,-,-,-,3,1,-,-,-,-,-,-,-,-,4,-,6,-,-,3,6,-,-,-,57,2,4,-,398,-,3,-,2,-,-,-,-,8,15,1,-,-,-,1,-,-,1,4,38,-,11,-,1,34,10,-,-,-,267,4,25,-
,Pesca,-,-,-,-,-,-,-,-,-,-,-,-,-,-,-,-,-,-,-,-,-,-,-,-,-,-,-,-,-,-,-,-,-,-,4,-,-,-,-,-,-,-,-,-,1,-,-,-,-,-,-,-,-,-,1,-,-,-,-,1,-,-,-,-,2,-,-,-
,Aquicultura,6,-,-,-,-,-,-,-,-,-,-,-,-,-,-,-,-,1,-,-,1,-,-,-,-,-,1,-,-,-,2,-,1,-,2,-,-,-,-,-,-,-,-,2,-,-,-,-,-,1,-,-,-,-,1,-,-,-,-,-,-,-,-,-,-,-,-,-
Pernambuco,Total,1338,3,-,-,-,-,-,-,2,36,351,13,-,5,4,21,6,-,17,49,517,17,24,7,14,48,63,2,1,8,153,1,106,43,8193,2,-,-,-,1,1,-,2,162,2488,76,-,15,4,89,24,3,50,97,3678,80,73,-,58,197,170,2,1,16,927,9,374,329
,Produção de lavouras temporárias,401,2,-,-,-,-,-,-,-,5,252,6,-,2,1,-,2,-,4,11,17,10,10,1,3,10,13,-,-,1,33,-,39,36,2453,-,-,-,-,-,-,-,-,28,1759,27,-,6,1,-,6,-,23,26,104,46,25,-,8,34,31,1,-,4,231,1,142,257
,Horticultura e floricultura,32,-,-,-,-,-,-,-,-,-,17,-,-,-,-,-,-,-,1,4,4,-,-,-,-,-,-,-,-,-,2,-,4,2,139,-,-,-,-,-,-,-,-,3,76,3,-,-,1,-,-,-,3,2,21,2,2,-,-,3,6,-,-,-,5,-,14,12
,Produção de lavouras permanentes,50,-,-,-,-,-,-,-,-,9,12,-,-,-,2,-,-,-,1,16,2,1,1,5,-,-,-,-,-,-,2,-,2,1,303,-,-,-,-,-,-,-,-,18,194,2,-,1,-,-,1,1,2,37,11,3,7,-,2,3,3,-,-,-,4,-,21,13
,Produção de sementes e mudas certificadas,-,-,-,-,-,-,-,-,-,-,-,-,-,-,-,-,-,-,-,-,-,-,-,-,-,-,-,-,-,-,-,-,-,-,-,-,-,-,-,-,-,-,-,-,-,-,-,-,-,-,-,-,-,-,-,-,-,-,-,-,-,-,-,-,-,-,-,-
,Pecuária e criação de outros animais,832,1,-,-,-,-,-,-,2,20,67,7,-,3,1,21,3,-,11,16,494,5,13,1,11,37,48,2,1,7,103,1,59,4,5158,2,-,-,-,1,1,-,2,103,443,43,-,8,2,89,17,1,22,29,3538,28,39,-,47,155,129,1,1,12,596,7,185,46
,Produção florestal - florestas plantadas,6,-,-,-,-,-,-,-,-,-,-,-,-,-,-,-,-,-,-,-,-,-,-,-,-,1,1,-,-,-,6,-,-,-,46,-,-,-,-,-,-,-,-,-,2,-,-,-,-,-,-,-,-,1,1,-,-,-,-,1,-,-,-,-,34,-,7,1
,Produção florestal - florestas nativas,10,-,-,-,-,-,-,-,-,-,2,-,-,-,-,-,1,-,-,-,-,1,-,-,-,-,-,-,-,-,7,-,-,-,90,-,-,-,-,-,-,-,-,8,14,1,-,-,-,-,-,1,-,2,2,1,-,-,1,1,1,-,-,-,57,1,4,-
,Pesca,-,-,-,-,-,-,-,-,-,-,-,-,-,-,-,-,-,-,-,-,-,-,-,-,-,-,-,-,-,-,-,-,-,-,1,-,-,-,-,-,-,-,-,-,-,-,-,-,-,-,-,-,-,-,1,-,-,-,-,-,-,-,-,-,-,-,-,-
,Aquicultura,7,-,-,-,-,-,-,-,-,2,1,-,-,-,-,-,-,-,-,2,-,-,-,-,-,-,1,-,-,-,-,-,2,-,3,-,-,-,-,-,-,-,-,2,-,-,-,-,-,-,-,-,-,-,-,-,-,-,-,-,-,-,-,-,-,-,1,-
Alagoas,Total,1252,3,-,-,1,-,-,-,2,17,472,4,639,-,1,3,1,-,13,12,42,1,2,-,11,8,6,-,-,-,1,2,29,46,8904,4,-,-,2,-,1,-,3,95,3575,10,4855,1,5,4,1,-,37,26,198,1,14,-,14,52,30,4,1,-,36,9,73,119
,Produção de lavouras temporárias,949,2,-,-,1,-,-,-,-,4,359,1,557,-,-,-,1,-,6,3,-,1,1,-,3,1,1,-,-,-,-,1,16,33,6934,2,-,-,2,-,1,-,-,24,2655,6,4219,-,-,1,1,-,18,9,12,1,8,-,2,17,6,1,-,-,11,1,22,81
,Horticultura e floricultura,21,-,-,-,-,-,-,-,-,1,4,-,9,-,-,-,-,-,2,2,-,-,1,-,-,-,-,-,-,-,-,-,-,2,121,-,-,-,-,-,-,-,-,2,47,-,68,-,1,-,-,-,1,-,2,-,-,-,-,1,-,-,-,-,-,-,-,4
,Produção de lavouras permanentes,26,-,-,-,-,-,-,-,-,-,17,-,1,-,-,-,-,-,3,4,-,-,-,-,-,-,-,-,-,-,-,-,2,3,130,-,-,-,-,-,-,-,-,10,91,1,1,-,-,-,-,-,9,10,1,-,1,-,1,-,-,-,-,-,-,1,6,15
,Produção de sementes e mudas certificadas,2,-,-,-,-,-,-,-,-,-,1,-,-,-,-,-,-,-,-,-,1,-,-,-,-,-,-,-,-,-,-,-,-,-,13,-,-,-,-,-,-,-,-,-,11,-,-,-,-,-,-,-,-,-,2,-,-,-,-,2,-,-,-,-,-,-,-,-
,Pecuária e criação de outros animais,244,1,-,-,-,-,-,-,2,9,88,3,72,-,-,3,-,-,2,3,41,-,-,-,8,7,5,-,-,-,1,1,8,6,1660,2,-,-,-,-,-,-,3,50,751,3,567,1,2,3,-,-,5,6,180,-,5,-,11,32,24,3,1,-,21,7,35,18
,Produção florestal - florestas plantadas,1,-,-,-,-,-,-,-,-,1,-,-,-,-,-,-,-,-,-,-,-,-,-,-,-,-,-,-,-,-,-,-,-,-,13,-,-,-,-,-,-,-,-,5,4,-,-,-,-,-,-,-,-,-,-,-,-,-,-,-,-,-,-,-,4,-,-,-
,Produção florestal - florestas nativas,3,-,-,-,-,-,-,-,-,1,-,-,-,-,1,-,-,-,-,-,-,-,-,-,-,-,-,-,-,-,-,-,3,-,16,-,-,-,-,-,-,-,-,4,2,-,-,-,2,-,-,-,3,-,-,-,-,-,-,-,-,-,-,-,-,-,10,-
,Pesca,2,-,-,-,-,-,-,-,-,-,2,-,-,-,-,-,-,-,-,-,-,-,-,-,-,-,-,-,-,-,-,-,-,-,8,-,-,-,-,-,-,-,-,-,8,-,-,-,-,-,-,-,1,-,-,-,-,-,-,-,-,-,-,-,-,-,-,-
,Aquicultura,4,-,-,-,-,-,-,-,-,1,1,-,-,-,-,-,-,-,-,-,-,-,-,-,-,-,-,-,-,-,-,-,-,2,9,-,-,-,-,-,-,-,-,-,6,-,-,-,-,-,-,-,-,1,1,-,-,-,-,-,-,-,-,-,-,-,-,1
Sergipe,Total,1434,3,-,-,-,-,-,-,1,19,1217,-,44,-,1,12,3,1,4,2,60,-,16,1,22,13,31,-,-,-,1,-,17,22,5383,-,-,-,-,-,-,-,-,55,4461,5,254,-,6,6,1,1,31,9,369,2,46,-,72,34,71,7,-,8,2,-,57,88
,Produção de lavouras temporárias,873,1,-,-,-,-,-,-,-,6,806,-,38,-,-,-,1,-,3,-,1,-,7,-,2,1,8,-,-,-,-,-,5,15,2897,-,-,-,-,-,-,-,-,7,2622,1,208,-,1,-,-,-,12,1,22,1,11,-,3,4,16,1,-,2,-,-,24,59
,Horticultura e floricultura,29,-,-,-,-,-,-,-,-,-,24,-,1,-,1,-,-,-,-,1,-,-,1,-,-,1,1,-,-,-,-,-,2,1,146,-,-,-,-,-,-,-,-,2,126,2,2,-,-,-,-,-,1,-,1,-,3,-,2,-,3,-,-,-,-,-,4,6
,Produção de lavouras permanentes,133,-,-,-,-,-,-,-,-,2,120,-,-,-,-,-,-,-,-,-,-,-,2,1,6,-,1,-,-,-,-,-,2,-,510,-,-,-,-,-,-,-,-,7,461,-,10,-,-,-,-,1,1,3,1,-,4,-,9,-,1,-,-,-,-,-,9,6
,Produção de sementes e mudas certificadas,-,-,-,-,-,-,-,-,-,-,-,-,-,-,-,-,-,-,-,-,-,-,-,-,-,-,-,-,-,-,-,-,-,-,-,-,-,-,-,-,-,-,-,-,-,-,-,-,-,-,-,-,-,-,-,-,-,-,-,-,-,-,-,-,-,-,-,-
,Pecuária e criação de outros animais,379,2,-,-,-,-,-,-,1,9,252,-,5,-,-,12,2,-,1,-,59,-,6,-,14,11,21,-,-,-,1,-,6,4,1768,-,-,-,-,-,-,-,-,32,1205,2,34,-,2,6,1,-,12,3,345,1,27,-,58,30,51,6,-,6,1,-,13,15
,Produção florestal - florestas plantadas,-,-,-,-,-,-,-,-,-,-,-,-,-,-,-,-,-,-,-,-,-,-,-,-,-,-,-,-,-,-,-,-,-,-,-,-,-,-,-,-,-,-,-,-,-,-,-,-,-,-,-,-,-,-,-,-,-,-,-,-,-,-,-,-,-,-,-,-
,Produção florestal - florestas nativas,9,-,-,-,-,-,-,-,-,1,8,-,-,-,-,-,-,-,-,-,-,-,-,-,-,-,-,-,-,-,-,-,-,1,31,-,-,-,-,-,-,-,-,5,21,-,-,-,3,-,-,-,4,2,-,-,1,-,-,-,-,-,-,-,1,-,4,1
,Pesca,2,-,-,-,-,-,-,-,-,-,-,-,-,-,-,-,-,-,-,-,-,-,-,-,-,-,-,-,-,-,-,-,1,1,26,-,-,-,-,-,-,-,-,2,21,-,-,-,-,-,-,-,1,-,-,-,-,-,-,-,-,-,-,-,-,-,3,1
,Aquicultura,9,-,-,-,-,-,-,-,-,1,7,-,-,-,-,-,-,1,-,1,-,-,-,-,-,-,-,-,-,-,-,-,1,-,5,-,-,-,-,-,-,-,-,-,5,-,-,-,-,-,-,-,-,-,-,-,-,-,-,-,-,-,-,-,-,-,-,-
Bahia,Total,15604,376,27,10,6,106,424,2,9,375,8707,19,68,138,89,236,48,92,497,652,1374,320,1122,-,198,1024,2012,166,6,606,188,153,611,1080,77136,2514,5,5,38,287,1258,16,26,1240,50156,89,440,202,215,1454,230,402,1524,2113,8212,2881,2954,2,717,3593,6944,353,26,2133,591,291,1843,6535
,Produção de lavouras temporárias,7187,220,25,9,2,16,45,1,-,71,5980,7,49,63,27,18,27,25,162,132,63,176,271,-,28,153,306,11,1,59,13,27,148,649,38395,1641,2,3,22,36,178,10,2,192,33075,31,238,50,74,84,129,110,478,341,460,1596,538,1,88,604,1120,24,6,196,72,53,554,3777
,Horticultura e floricultura,205,-,-,-,-,1,3,-,-,9,86,1,1,6,5,1,1,2,15,17,4,-,49,-,1,6,17,-,-,1,1,-,28,6,1286,5,-,-,3,3,25,-,-,25,823,2,9,22,6,9,-,5,22,48,32,10,189,-,1,32,76,1,-,8,4,2,104,48
,Produção de lavouras permanentes,1697,22,-,-,1,69,268,-,1,46,659,-,1,2,13,3,4,32,51,200,26,2,379,-,6,21,124,3,1,16,2,4,162,26,7403,70,-,-,3,196,778,-,-,135,4335,3,5,7,50,30,20,141,149,684,155,34,1147,-,9,89,492,2,-,27,9,6,507,156
,Produção de sementes e mudas certificadas,37,-,-,-,-,-,2,-,-,2,15,-,-,-,2,-,1,1,2,6,-,1,13,-,-,1,-,-,-,-,-,-,8,-,88,1,-,-,-,1,12,-,-,-,46,-,-,1,3,-,-,1,8,9,3,-,27,-,-,-,3,-,-,-,-,-,10,2
,Pecuária e criação de outros animais,5701,132,2,1,3,15,59,1,8,222,1733,11,16,46,34,210,15,19,226,257,1271,133,298,-,159,729,1309,140,4,433,124,92,228,355,27268,769,3,2,10,44,204,5,19,822,10957,50,164,111,66,1318,72,87,811,852,7516,1193,892,1,586,2515,4293,310,20,1437,369,184,580,2324
,Produção florestal - florestas plantadas,30,-,-,-,-,-,-,-,-,-,6,-,-,-,-,-,-,-,2,1,-,-,1,-,-,-,2,-,-,-,17,2,1,-,61,-,-,-,-,-,1,-,-,1,31,-,-,-,-,1,-,-,-,8,3,-,5,-,2,-,4,-,-,-,5,2,3,3
,Produção florestal - florestas nativas,695,1,-,-,-,5,47,-,-,23,208,-,1,21,7,3,-,11,39,32,8,7,109,-,4,110,248,12,-,95,31,28,29,42,2527,27,-,-,-,7,59,1,5,62,834,1,24,11,15,11,9,50,55,155,41,45,155,-,31,348,937,16,-,460,132,44,79,216
,Pesca,22,-,-,-,-,-,-,-,-,-,10,-,-,-,1,-,-,-,-,3,-,-,-,-,-,3,2,-,-,2,-,-,2,1,86,-,-,-,-,-,-,-,-,3,48,-,-,-,1,-,-,7,-,12,-,-,1,-,-,3,14,-,-,5,-,-,4,8
,Aquicultura,30,1,-,-,-,-,-,-,-,2,10,-,-,-,-,1,-,2,-,4,2,1,2,-,-,1,4,-,-,-,-,-,5,1,22,1,-,-,-,-,1,-,-,-,7,2,-,-,-,1,-,1,1,4,2,3,-,-,-,2,5,-,-,-,-,-,2,1
Minas Gerais,Total,20972,1414,3,2,29,121,2126,6,24,1106,3063,839,22,168,48,187,82,108,1200,479,8338,997,1389,34,739,2657,1550,49,155,15,1187,254,1324,637,72353,4098,7,12,129,373,6016,5,58,3330,17049,2605,163,389,110,529,406,405,3568,1201,33304,5081,2907,34,1081,7089,3657,124,518,29,2036,378,3202,4358
,Produção de lavouras temporárias,4554,765,2,1,14,48,332,1,-,170,1708,344,15,54,12,17,36,23,230,96,518,486,290,4,67,370,201,13,23,1,65,29,308,397,17908,2321,2,4,61,120,1078,1,6,476,9151,867,78,105,35,37,140,111,668,241,2327,2367,572,3,86,969,549,30,44,1,141,49,821,2728
,Horticultura e floricultura,172,4,-,-,-,-,13,-,-,24,16,9,-,6,2,-,1,-,21,11,36,7,20,-,4,21,18,-,-,-,2,3,27,3,846,36,1,-,1,3,55,-,-,81,141,36,2,38,2,6,11,5,80,24,265,58,49,1,7,85,70,-,4,-,5,7,75,30
,Produção de lavouras permanentes,1944,74,-,-,4,29,1201,-,2,189,80,57,-,11,11,9,8,12,89,44,298,42,287,18,19,113,202,-,7,-,43,25,65,12,5600,151,1,-,11,65,2875,-,1,518,645,276,-,18,19,15,53,11,254,125,1439,191,451,16,30,302,509,-,24,-,51,26,178,90
,Produção de sementes e mudas certificadas,17,-,-,-,-,-,-,-,-,-,5,-,-,-,-,1,-,1,-,1,4,-,-,-,-,2,-,-,-,-,2,-,3,1,45,4,-,-,-,-,5,-,-,7,10,3,-,1,-,-,-,1,4,1,12,5,5,-,3,5,1,-,-,-,-,-,4,1
,Pecuária e criação de outros animais,12775,520,1,1,8,37,522,4,22,683,1131,408,7,95,23,158,32,36,769,272,7386,426,664,12,643,1969,1062,36,119,13,243,136,859,202,44569,1475,2,7,50,152,1819,4,51,2050,6363,1280,76,227,49,442,163,156,2201,648,28939,2251,1562,14,929,5129,2287,93,362,28,446,237,2021,1373
,Produção florestal - florestas plantadas,963,30,-,-,1,1,22,-,-,13,23,7,-,-,-,1,-,8,15,9,53,9,23,-,5,23,14,-,-,-,818,31,16,3,1775,51,-,-,2,15,84,-,-,74,178,64,2,-,1,17,19,2,89,25,216,71,70,-,15,97,69,-,32,-,1350,20,31,35
,Produção florestal - florestas nativas,475,14,-,-,2,6,35,1,-,22,92,12,-,2,-,1,5,27,74,44,19,22,101,-,1,154,37,-,5,-,14,30,38,16,1536,56,1,1,4,18,96,-,-,113,555,76,5,-,4,7,19,118,265,131,85,132,190,-,11,489,144,-,48,-,40,39,65,96
,Pesca,3,-,-,-,-,-,-,-,-,-,2,-,-,-,-,-,-,1,-,-,-,-,-,-,-,-,-,-,-,-,-,-,-,2,15,1,-,-,-,-,-,-,-,-,3,-,-,-,-,-,-,1,1,-,3,1,-,-,-,6,5,-,-,-,-,-,1,1
,Aquicultura,69,7,-,-,-,-,1,-,-,5,6,2,-,-,-,-,-,-,2,2,24,5,4,-,-,5,16,-,1,1,-,-,8,1,59,3,-,-,-,-,4,-,-,11,3,3,-,-,-,5,1,-,6,6,18,5,8,-,-,7,23,1,4,-,3,-,6,4
Espírito Santo,Total,1180,49,-,-,-,109,201,-,-,45,82,128,-,23,1,21,12,-,25,63,471,11,30,4,18,60,50,-,16,-,30,6,76,3,3749,98,-,1,5,180,463,-,2,126,475,356,-,22,11,100,101,-,135,145,1764,69,65,15,20,108,87,1,18,-,51,12,172,34
,Produção de lavouras temporárias,172,20,-,-,-,53,26,-,-,10,40,41,-,14,-,-,4,-,5,8,4,1,13,-,2,20,11,-,5,-,1,-,16,2,447,41,-,-,2,14,40,-,-,9,199,73,-,3,-,2,17,-,12,11,35,11,6,-,-,11,9,-,3,-,1,-,41,20
,Horticultura e floricultura,13,-,-,-,-,-,-,-,-,1,-,1,-,-,-,-,-,-,2,1,4,-,1,-,1,1,-,-,-,-,1,-,4,-,121,1,-,-,-,1,6,-,-,10,12,21,-,4,1,20,2,-,12,10,31,1,-,1,1,4,2,-,1,-,-,-,10,1
,Produção de lavouras permanentes,515,15,-,-,-,39,149,-,-,14,30,69,-,5,1,7,6,-,10,27,156,8,8,4,8,23,22,-,5,-,14,1,39,-,1835,45,-,1,1,146,379,-,1,71,204,226,-,12,9,34,55,-,81,89,638,43,45,14,11,71,63,1,10,-,31,8,81,8
,Produção de sementes e mudas certificadas,3,-,-,-,-,-,1,-,-,-,-,1,-,-,-,-,-,-,-,-,-,-,1,-,-,-,-,-,-,-,-,-,-,-,1,-,-,-,-,-,-,-,-,-,-,-,-,-,-,1,-,-,-,-,1,-,-,-,-,-,-,-,-,-,-,-,-,-
,Pecuária e criação de outros animais,450,13,-,-,-,16,24,-,-,19,10,16,-,4,-,14,2,-,8,25,302,2,6,-,7,16,17,-,5,-,2,3,17,1,1301,11,-,-,1,18,29,-,1,34,57,34,-,3,1,43,27,-,30,28,1056,14,14,-,8,21,11,-,4,-,5,1,34,5
,Produção florestal - florestas plantadas,18,1,-,-,-,1,1,-,-,-,1,-,-,-,-,-,-,-,-,1,2,-,1,-,-,-,-,-,-,-,12,-,-,-,35,-,-,-,-,1,8,-,-,1,2,2,-,-,-,-,-,-,-,4,3,-,-,-,-,1,1,-,-,-,13,3,4,-
,Produção florestal - florestas nativas,3,-,-,-,-,-,-,-,-,-,-,-,-,-,-,-,-,-,-,1,-,-,-,-,-,-,-,-,-,-,-,2,-,-,4,-,-,-,-,-,-,-,-,-,1,-,-,-,-,-,-,-,-,2,-,-,-,-,-,-,-,-,-,-,1,-,-,-
,Pesca,-,-,-,-,-,-,-,-,-,-,-,-,-,-,-,-,-,-,-,-,-,-,-,-,-,-,-,-,-,-,-,-,-,-,-,-,-,-,-,-,-,-,-,-,-,-,-,-,-,-,-,-,-,-,-,-,-,-,-,-,-,-,-,-,-,-,-,-
,Aquicultura,6,-,-,-,-,-,-,-,-,1,1,-,-,-,-,-,-,-,-,-,3,-,-,-,-,-,-,-,1,-,-,-,-,-,5,-,-,-,1,-,1,-,-,1,-,-,-,-,-,-,-,-,-,1,-,-,-,-,-,-,1,-,-,-,-,-,2,-
Rio de Janeiro,Total,1082,51,-,-,-,4,15,-,1,163,53,16,-,4,7,15,24,2,16,27,656,9,24,1,1,30,60,-,4,-,9,13,38,3,2336,53,-,-,1,4,59,-,-,257,182,33,-,9,16,25,61,2,32,47,1561,21,53,1,4,26,66,-,5,-,3,9,73,23
,Produção de lavouras temporárias,124,33,-,-,-,-,3,-,-,21,20,5,-,-,1,-,12,1,2,-,19,4,5,-,-,5,5,-,-,-,1,-,10,-,315,27,-,-,-,1,5,-,-,58,88,10,-,1,5,3,30,-,8,8,82,13,18,-,-,4,12,-,1,-,1,-,15,14
,Horticultura e floricultura,43,1,-,-,-,1,-,-,-,15,3,1,-,2,-,1,-,-,3,3,10,-,4,-,-,-,-,-,-,-,-,-,10,2,115,3,-,-,-,1,1,-,-,19,5,6,-,6,3,1,6,-,3,2,47,2,6,-,-,1,2,-,1,-,-,-,17,1
,Produção de lavouras permanentes,79,-,-,-,-,1,8,-,-,36,11,3,-,-,3,-,3,-,-,4,11,1,4,1,-,-,2,-,-,-,-,1,4,1,217,4,-,-,1,1,46,-,-,67,28,3,-,1,2,1,9,-,5,11,41,-,9,-,-,-,4,-,-,-,1,1,13,2
,Produção de sementes e mudas certificadas,-,-,-,-,-,-,-,-,-,-,-,-,-,-,-,-,-,-,-,-,-,-,-,-,-,-,-,-,-,-,-,-,-,-,1,-,-,-,-,-,1,-,-,-,-,-,-,-,-,-,-,-,-,1,-,-,-,-,-,-,-,-,-,-,-,-,-,-
,Pecuária e criação de outros animais,801,15,-,-,-,1,3,-,1,82,14,7,-,1,3,14,7,1,11,11,615,3,9,-,1,25,52,-,4,-,3,6,12,-,1641,18,-,-,-,1,4,-,-,102,48,11,-,1,4,20,14,1,16,17,1390,6,17,1,4,21,46,-,3,-,-,1,24,6
,Produção florestal - florestas plantadas,16,1,-,-,-,-,-,-,-,2,-,-,-,1,-,-,-,-,-,1,1,-,-,-,-,-,1,-,-,-,5,6,1,-,12,1,-,-,-,-,-,-,-,2,1,3,-,-,-,-,-,-,-,-,-,-,-,-,-,-,-,-,-,-,-,6,1,-
,Produção florestal - florestas nativas,9,-,-,-,-,-,-,-,-,1,2,-,-,-,-,-,-,-,-,8,-,-,-,-,-,-,-,-,-,-,-,-,-,-,21,-,-,-,-,-,1,-,-,3,8,-,-,-,1,-,-,1,-,8,-,-,1,-,-,-,1,-,-,-,1,1,3,-
,Pesca,6,-,-,-,-,-,1,-,-,5,3,-,-,-,-,-,2,-,-,-,-,-,2,-,-,-,-,-,-,-,-,-,-,-,13,-,-,-,-,-,1,-,-,6,4,-,-,-,1,-,2,-,-,-,-,-,2,-,-,-,1,-,-,-,-,-,-,-
,Aquicultura,4,1,-,-,-,1,-,-,-,1,-,-,-,-,-,-,-,-,-,-,-,1,-,-,-,-,-,-,-,-,-,-,1,-,1,-,-,-,-,-,-,-,-,-,-,-,-,-,-,-,-,-,-,-,1,-,-,-,-,-,-,-,-,-,-,-,-,-
São Paulo,Total,2167,82,4,-,3,55,55,-,3,158,52,14,-,20,11,24,7,19,35,26,1301,13,42,33,23,38,50,3,12,1,112,25,260,1,5603,114,-,-,4,73,94,-,1,361,160,20,-,41,22,20,41,5,92,91,4120,53,62,43,20,75,41,2,17,1,220,15,367,10
,Produção de lavouras temporárias,305,48,4,-,3,4,6,-,-,24,29,8,-,4,2,1,5,3,8,4,97,9,6,1,4,5,4,-,1,-,12,1,61,-,656,75,-,-,3,4,13,-,-,52,78,9,-,8,3,2,25,-,12,13,238,31,11,3,1,5,5,-,-,-,55,2,123,3
,Horticultura e floricultura,79,2,-,-,-,4,2,-,-,17,1,-,-,10,2,-,-,2,6,4,18,-,4,1,-,1,3,-,1,-,2,-,29,-,262,2,-,-,-,4,4,-,-,41,11,-,-,19,4,2,1,-,11,12,122,1,9,4,-,3,1,-,1,-,7,-,50,1
,Produção de lavouras permanentes,269,10,-,-,-,42,36,-,-,20,8,2,-,2,2,1,1,12,3,11,43,1,9,21,3,5,7,-,-,-,6,3,58,1,476,13,-,-,-,51,47,-,-,49,19,1,-,1,7,-,3,1,8,35,153,4,22,32,7,23,2,-,-,-,10,-,56,1
,Produção de sementes e mudas certificadas,5,-,-,-,-,-,-,-,-,1,-,-,-,-,-,-,-,-,-,-,1,-,2,1,-,-,-,-,-,-,-,-,2,-,4,-,-,-,-,-,-,-,-,-,-,-,-,-,1,-,-,-,-,-,2,-,-,-,-,-,1,-,-,-,-,-,-,-
,Pecuária e criação de outros animais,1374,17,-,-,-,5,11,-,3,95,13,3,-,4,5,22,1,2,18,7,1125,2,21,9,16,26,26,3,10,1,25,7,89,-,4059,20,-,-,1,14,29,-,1,216,51,10,-,13,6,16,9,3,59,30,3581,16,19,3,12,44,30,2,16,1,56,7,124,5
,Produção florestal - florestas plantadas,97,3,-,-,-,-,-,-,-,-,-,-,-,-,-,-,-,-,-,-,9,-,-,-,-,-,-,-,-,-,59,14,14,-,125,2,-,-,-,-,1,-,-,1,1,-,-,-,1,-,-,1,2,1,21,-,-,1,-,-,-,-,-,-,86,6,9,-
,Produção florestal - florestas nativas,9,-,-,-,-,-,-,-,-,1,-,1,-,-,-,-,-,-,-,-,-,1,-,-,-,-,-,-,-,-,7,-,-,-,12,-,-,-,-,-,-,-,-,1,-,-,-,-,-,-,2,-,-,-,1,1,1,-,-,-,-,-,-,-,5,-,4,-
,Pesca,-,-,-,-,-,-,-,-,-,-,-,-,-,-,-,-,-,-,-,-,-,-,-,-,-,-,-,-,-,-,-,-,-,-,2,-,-,-,-,-,-,-,-,-,-,-,-,-,-,-,1,-,-,-,1,-,-,-,-,-,-,-,-,-,-,-,-,-
,Aquicultura,29,2,-,-,-,-,-,-,-,-,1,-,-,-,-,-,-,-,-,-,8,-,-,-,-,1,10,-,-,-,1,-,7,-,7,2,-,-,-,-,-,-,-,1,-,-,-,-,-,-,-,-,-,-,1,-,-,-,-,-,2,-,-,-,1,-,1,-
Paraná,Total,5010,25,-,-,9,26,85,-,24,492,31,13,1,117,4,51,82,2,337,29,1561,19,205,75,1199,1660,1600,9,252,33,123,48,299,2,19802,65,-,-,42,62,234,-,163,1844,95,50,29,475,16,263,608,4,1398,149,8211,129,825,417,4787,6354,5490,58,1138,115,595,57,827,2
,Produção de lavouras temporárias,1729,16,-,-,8,5,16,-,10,206,22,7,1,46,2,25,53,-,156,9,373,10,94,25,508,688,643,6,124,19,33,8,129,1,7374,52,-,-,22,15,39,-,44,669,56,23,22,182,5,105,324,2,480,39,2536,68,307,150,1735,2547,2171,17,426,51,252,23,417,1
,Horticultura e floricultura,112,-,-,-,-,-,-,-,-,24,-,1,-,11,-,-,-,1,12,4,16,-,2,-,7,25,32,-,-,-,-,-,18,-,583,1,-,-,-,1,11,-,1,100,1,-,-,58,-,-,6,-,41,25,104,1,20,6,63,176,207,1,11,-,8,2,70,-
,Produção de lavouras permanentes,260,2,-,-,-,17,49,-,1,31,5,-,-,15,-,1,1,-,10,6,18,-,24,34,12,45,60,-,1,-,5,1,28,-,981,1,-,-,1,31,123,-,-,101,18,3,3,30,3,2,15,1,41,37,107,19,85,130,61,313,292,-,9,-,31,1,61,1
,Produção de sementes e mudas certificadas,1,-,-,-,-,-,1,-,-,-,-,-,-,-,-,-,-,-,-,-,-,-,-,-,-,-,1,-,-,-,-,-,-,-,1,-,-,-,-,-,-,-,-,1,-,-,-,-,-,-,-,-,-,-,-,-,-,-,1,-,1,-,-,-,-,-,-,-
,Pecuária e criação de outros animais,2571,5,-,-,1,4,18,-,7,214,3,5,-,41,2,20,24,1,149,8,1111,9,76,11,584,824,755,3,106,12,29,17,85,1,10438,9,-,-,16,14,59,-,118,944,14,19,3,203,6,154,260,1,819,46,5388,41,405,123,2901,3269,2768,40,684,64,99,21,260,-
,Produção florestal - florestas plantadas,109,1,-,-,-,-,-,-,1,4,1,-,-,-,-,1,-,-,2,-,8,-,1,3,11,13,11,-,2,-,34,20,19,-,207,2,-,-,-,1,2,-,-,17,-,-,1,2,2,2,2,-,4,1,44,-,5,4,12,27,32,-,7,-,87,8,10,-
,Produção florestal - florestas nativas,37,-,-,-,-,-,-,-,-,3,-,-,-,-,-,-,-,-,2,1,1,-,1,-,2,5,4,-,2,-,21,2,1,-,186,-,-,-,3,-,-,-,-,11,1,5,-,-,-,-,-,-,10,1,24,-,3,4,9,14,9,-,-,-,118,2,6,-
,Pesca,1,-,-,-,-,-,1,-,-,-,-,-,-,-,-,-,-,-,-,-,-,-,-,-,-,-,-,-,-,-,-,-,-,-,9,-,-,-,-,-,-,-,-,-,5,-,-,-,-,-,-,-,-,-,1,-,-,-,-,2,2,-,-,-,-,-,1,-
,Aquicultura,190,1,-,-,-,-,-,-,5,10,-,-,-,4,-,4,4,-,6,1,34,-,7,2,75,60,94,-,17,2,1,-,19,-,23,-,-,-,-,-,-,-,-,1,-,-,-,-,-,-,1,-,3,-,7,-,-,-,5,6,8,-,1,-,-,-,2,-
Santa Catarina,Total,5458,46,-,-,4,-,5,-,34,587,43,11,7,100,9,144,196,4,282,24,1749,9,342,144,2324,2109,2057,4,686,3,76,43,238,2,32828,313,-,-,43,1,12,-,299,3642,213,59,58,585,27,1076,3025,6,2438,72,13470,229,1536,916,18176,16891,13603,15,6839,11,232,61,1200,4
,Produção de lavouras temporárias,1814,30,-,-,1,-,2,-,4,201,24,7,4,33,4,49,95,2,100,5,423,6,130,48,818,838,767,2,256,1,15,3,74,2,11762,188,-,-,20,-,2,-,97,1156,148,26,29,179,16,365,917,1,760,17,4444,57,524,247,5370,5785,4923,4,1620,5,64,19,479,3
,Horticultura e floricultura,100,-,-,-,-,-,-,-,-,21,1,2,-,10,-,1,2,-,13,2,15,-,9,-,18,27,32,-,3,-,-,-,16,-,450,3,-,-,-,-,1,-,3,78,5,1,3,39,3,7,19,-,45,6,167,1,22,7,105,118,123,-,22,-,2,-,23,-
,Produção de lavouras permanentes,150,2,-,-,-,-,1,-,-,21,2,-,-,9,1,1,1,1,2,6,19,-,18,51,16,12,28,-,5,-,1,2,10,-,590,15,-,-,-,-,2,-,2,81,1,3,1,20,1,10,27,-,10,10,169,3,67,150,106,124,99,-,47,-,9,1,38,-
,Produção de sementes e mudas certificadas,10,-,-,-,-,-,-,-,-,-,-,-,-,-,-,-,1,-,-,-,3,-,-,-,6,3,5,-,2,-,-,-,-,-,49,-,-,-,-,-,-,-,-,1,-,-,-,-,-,-,3,-,1,-,20,-,1,1,38,28,28,-,9,-,-,-,1,-
,Pecuária e criação de outros animais,2899,11,-,-,3,-,1,-,29,292,14,2,2,38,4,85,86,1,147,7,1217,3,154,40,1313,1078,1021,2,384,2,19,12,104,-,19232,100,-,-,23,1,7,-,190,2248,46,24,24,335,7,671,2029,5,1576,36,8486,166,872,496,12305,10590,8184,11,5076,6,63,24,623,-
,Produção florestal - florestas plantadas,236,2,-,-,-,-,1,-,1,29,1,-,-,5,-,2,3,-,8,2,28,-,18,3,73,75,81,-,13,-,32,25,11,-,588,5,-,-,-,-,-,-,7,62,9,3,1,11,-,19,21,-,37,2,156,2,41,7,202,187,180,-,52,-,86,17,28,-
,Produção florestal - florestas nativas,65,-,-,-,-,-,-,-,-,6,-,-,-,1,-,-,-,-,3,2,7,-,2,-,24,23,28,-,1,-,2,-,6,-,131,1,-,-,-,-,-,-,-,16,-,2,-,-,-,2,8,-,9,1,21,-,9,6,42,52,56,-,10,-,6,-,7,-
,Pesca,4,-,-,-,-,-,-,-,-,-,-,-,-,-,-,-,-,-,-,-,-,-,1,-,1,-,2,-,-,-,-,-,-,-,10,-,-,-,-,-,-,-,-,-,3,-,-,-,-,-,-,-,-,-,2,-,-,1,2,2,5,-,-,-,-,-,-,1
,Aquicultura,180,1,-,-,-,-,-,-,-,17,1,-,1,4,-,6,8,-,9,-,37,-,10,2,55,53,93,-,22,-,7,1,17,-,16,1,-,-,-,-,-,-,-,-,1,-,-,1,-,2,1,-,-,-,5,-,-,1,6,5,5,-,3,-,2,-,1,-
Rio Grande do Sul,Total,18768,58,-,-,15,-,-,-,107,4966,9,21,7,776,42,451,907,23,5997,137,2963,510,3383,723,10942,9271,9257,167,3685,506,96,110,1119,3,121694,533,-,-,104,1,6,-,1472,38383,58,128,123,6249,250,5087,13505,84,50298,1387,29899,5004,23923,5613,75065,79591,58344,1022,31216,4407,874,504,10421,6
,Produção de lavouras temporárias,9750,46,-,-,11,-,-,-,58,2849,6,10,4,541,20,254,622,12,3721,73,1288,336,2056,319,6134,5834,4923,79,2276,263,30,33,691,3,70606,361,-,-,74,-,2,-,707,21845,38,79,94,3600,119,2717,7935,42,31036,692,14680,2917,14303,2041,41813,49394,34061,415,16680,1923,245,202,7127,4
,Horticultura e floricultura,178,-,-,-,1,-,-,-,1,81,-,2,-,12,1,2,2,1,61,6,20,6,32,6,59,60,47,-,28,-,1,1,21,-,1137,5,-,-,2,-,-,-,1,438,-,3,-,65,7,26,64,1,403,25,186,28,164,72,472,557,309,7,260,14,6,4,95,-
,Produção de lavouras permanentes,621,5,-,-,-,-,-,-,-,224,-,-,-,10,2,10,9,2,99,4,85,3,138,211,173,147,142,-,93,1,4,6,31,-,5017,36,-,-,6,-,1,-,3,2190,1,6,1,110,6,159,124,14,1229,35,1318,76,812,1506,1754,1986,1381,2,1389,15,31,38,391,-
,Produção de sementes e mudas certificadas,8,-,-,-,-,-,-,-,-,-,-,-,-,-,-,-,-,-,1,-,3,-,1,-,7,5,5,-,3,2,-,-,1,-,32,-,-,-,-,-,-,-,-,6,-,-,-,2,1,1,2,-,10,-,2,-,5,2,17,18,12,-,5,2,-,1,3,-
,Pecuária e criação de outros animais,7532,5,-,-,3,-,-,-,44,1637,3,8,2,195,17,172,246,7,1909,47,1503,154,1039,153,4303,2974,3868,84,1179,226,12,35,333,-,42912,126,-,-,21,1,3,-,753,13498,19,38,26,2429,115,2158,5299,27,17013,627,13475,1942,8405,1907,30363,26863,22035,594,12637,2424,145,230,2660,1
,Produção florestal - florestas plantadas,346,1,-,-,-,-,-,-,1,69,-,-,1,7,1,2,4,-,78,1,20,1,44,20,111,103,101,1,47,4,49,32,18,-,1608,3,-,-,1,-,-,-,5,328,-,2,2,26,2,21,56,-,424,4,207,30,165,78,501,568,354,-,205,12,438,27,84,1
,Produção florestal - florestas nativas,78,-,-,-,-,-,-,-,1,29,-,1,-,5,-,1,2,1,41,1,3,2,20,3,31,29,34,1,7,5,-,1,4,-,276,2,-,-,-,-,-,-,3,60,-,-,-,12,-,2,14,-,142,3,18,9,50,5,90,136,124,2,27,13,9,2,55,-
,Pesca,2,-,-,-,-,-,-,-,-,1,-,-,-,-,-,-,-,-,-,-,-,-,-,-,-,1,2,-,-,-,-,-,-,-,47,-,-,-,-,-,-,-,-,6,-,-,-,-,-,-,4,-,12,-,3,-,5,-,23,35,39,-,-,-,-,-,2,-
,Aquicultura,253,1,-,-,-,-,-,-,2,76,-,-,-,6,1,10,22,-,87,5,41,8,53,11,124,118,135,2,52,5,-,2,20,-,59,-,-,-,-,-,-,-,-,12,-,-,-,5,-,3,7,-,29,1,10,2,14,2,32,34,29,2,13,4,-,-,4,-
Mato Grosso do Sul,Total,1379,1,9,2,-,-,3,-,-,128,30,1,-,1,-,2,3,2,44,12,1161,29,12,-,65,35,22,41,8,33,26,7,49,1,3742,1,-,-,-,3,11,-,2,378,173,3,-,9,6,12,43,-,77,38,3132,187,53,1,26,49,50,1,2,1,16,1,88,4
,Produção de lavouras temporárias,113,1,9,2,-,-,1,-,-,8,13,-,-,1,-,1,-,-,1,-,46,11,1,-,5,2,2,-,-,-,3,3,13,1,590,-,-,-,-,1,1,-,-,85,75,1,-,4,1,1,21,-,22,10,345,66,19,-,5,15,15,-,-,-,3,-,28,2
,Horticultura e floricultura,6,-,-,-,-,-,-,-,-,-,1,1,-,-,-,-,-,-,-,-,1,1,1,-,-,-,1,-,-,-,-,-,2,-,47,-,-,-,-,-,-,-,-,8,2,1,-,3,-,-,2,-,2,-,24,5,1,-,1,3,1,-,-,-,-,-,3,-
,Produção de lavouras permanentes,8,-,-,-,-,-,-,-,-,2,-,-,-,-,-,-,-,-,-,2,3,1,-,-,-,-,-,-,-,-,-,-,1,-,42,-,-,-,-,1,4,-,-,8,3,-,-,-,-,-,2,-,-,2,16,4,1,-,-,-,-,-,-,-,1,-,7,-
,Produção de sementes e mudas certificadas,1,-,-,-,-,-,-,-,-,-,-,-,-,-,-,-,-,-,-,-,1,-,-,-,-,-,-,-,-,-,-,-,-,-,3,-,-,-,-,-,-,-,-,-,-,-,-,-,-,-,-,-,-,-,3,-,-,-,-,-,-,-,-,-,-,-,-,-
,Pecuária e criação de outros animais,1219,-,-,-,-,-,2,-,-,115,16,-,-,-,-,1,3,1,43,9,1101,16,10,-,59,32,18,41,8,33,5,2,31,-,3042,1,-,-,-,1,6,-,2,277,91,1,-,2,5,11,17,-,53,26,2740,111,32,1,20,30,32,1,2,1,2,1,50,2
,Produção florestal - florestas plantadas,13,-,-,-,-,-,-,-,-,-,-,-,-,-,-,-,-,1,-,-,2,-,-,-,-,-,-,-,-,-,9,2,-,-,11,-,-,-,-,-,-,-,-,-,-,-,-,-,-,-,-,-,-,-,3,-,-,-,-,-,-,-,-,-,8,-,-,-
,Produção florestal - florestas nativas,10,-,-,-,-,-,-,-,-,-,-,-,-,-,-,-,-,-,-,1,-,-,-,-,-,-,-,-,-,-,9,-,1,-,5,-,-,-,-,-,-,-,-,-,1,-,-,-,-,-,1,-,-,-,1,1,-,-,-,1,1,-,-,-,2,-,-,-
,Pesca,-,-,-,-,-,-,-,-,-,-,-,-,-,-,-,-,-,-,-,-,-,-,-,-,-,-,-,-,-,-,-,-,-,-,1,-,-,-,-,-,-,-,-,-,1,-,-,-,-,-,-,-,-,-,-,-,-,-,-,-,-,-,-,-,-,-,-,-
,Aquicultura,9,-,-,-,-,-,-,-,-,3,-,-,-,-,-,-,-,-,-,-,7,-,-,-,1,1,1,-,-,-,-,-,1,-,1,-,-,-,-,-,-,-,-,-,-,-,-,-,-,-,-,-,-,-,-,-,-,-,-,-,1,-,-,-,-,-,-,-
Mato Grosso,Total,2000,4,88,17,3,3,5,1,1,193,327,4,-,8,4,41,14,5,33,47,963,24,32,-,243,266,377,10,24,-,6,12,50,8,6088,5,2,-,7,19,17,2,7,662,1474,3,-,8,2,226,97,8,174,233,3236,186,236,1,595,769,943,18,116,1,24,4,210,34
,Produção de lavouras temporárias,404,2,86,16,-,-,2,-,-,20,198,4,-,3,-,3,9,3,5,5,42,10,2,-,14,23,25,-,4,-,3,1,12,6,1186,3,2,-,3,-,1,1,1,71,783,-,-,3,1,20,39,4,14,34,171,88,27,1,36,68,111,2,5,-,2,-,56,7
,Horticultura e floricultura,15,-,-,-,-,-,-,-,-,2,3,-,-,2,-,-,-,-,-,-,4,-,-,-,-,1,2,-,-,-,-,-,2,-,73,-,-,-,-,-,-,-,-,7,23,1,-,-,-,2,1,1,1,4,18,1,1,-,-,6,12,-,1,-,1,-,12,2
,Produção de lavouras permanentes,40,-,-,-,-,1,3,-,-,7,10,-,-,-,-,-,2,-,1,9,2,2,5,-,1,-,3,-,-,-,-,2,2,-,139,-,-,-,-,3,6,1,-,18,49,-,-,-,-,-,3,-,1,32,24,7,1,-,1,6,10,-,1,-,2,-,5,-
,Produção de sementes e mudas certificadas,-,-,-,-,-,-,-,-,-,-,-,-,-,-,-,-,-,-,-,-,-,-,-,-,-,-,-,-,-,-,-,-,-,-,-,-,-,-,-,-,-,-,-,-,-,-,-,-,-,-,-,-,-,-,-,-,-,-,-,-,-,-,-,-,-,-,-,-
,Pecuária e criação de outros animais,1444,2,2,1,3,2,-,1,1,153,94,-,-,2,3,37,3,1,27,27,884,11,25,-,227,235,326,10,20,-,2,4,29,2,4576,2,-,-,4,15,9,-,5,549,546,2,-,5,1,198,53,2,154,158,3016,87,200,-,552,680,795,15,109,1,14,4,128,23
,Produção florestal - florestas plantadas,5,-,-,-,-,-,-,-,-,-,1,-,-,-,-,-,-,-,-,-,-,-,-,-,-,-,-,-,-,-,-,3,1,-,13,-,-,-,-,-,-,-,1,-,7,-,-,-,-,-,1,-,-,-,-,2,-,-,-,-,-,-,-,-,4,-,1,-
,Produção florestal - florestas nativas,32,-,-,-,-,-,-,-,-,5,15,-,-,-,1,1,-,1,-,5,1,-,-,-,-,1,1,-,-,-,1,2,1,-,90,-,-,-,-,1,1,-,-,16,61,-,-,-,-,6,-,-,4,5,5,-,7,-,5,6,11,1,-,-,1,-,8,2
,Pesca,1,-,-,-,-,-,-,-,-,-,-,-,-,-,-,-,-,-,-,-,-,-,-,-,-,-,1,-,-,-,-,-,-,-,6,-,-,-,-,-,-,-,-,-,5,-,-,-,-,-,-,-,-,-,-,-,-,-,-,1,3,-,-,-,-,-,-,-
,Aquicultura,59,-,-,-,-,-,-,-,-,6,6,-,-,1,-,-,-,-,-,1,30,1,-,-,1,6,19,-,-,-,-,-,3,-,5,-,-,-,-,-,-,-,-,1,-,-,-,-,-,-,-,1,-,-,2,1,-,-,1,2,1,-,-,-,-,-,-,-
Goiás,Total,4595,19,3,1,6,2,8,-,5,182,551,7,1,8,4,44,7,-,91,66,3660,101,33,1,122,217,121,1,5,-,18,2,74,114,13012,68,1,-,19,1,15,-,3,551,2523,12,-,10,10,81,30,4,222,153,9672,556,69,2,174,495,235,5,9,1,29,3,203,580
,Produção de lavouras temporárias,483,9,3,1,4,1,1,-,1,27,194,2,1,3,2,2,5,-,14,12,203,44,5,-,8,15,10,-,1,-,-,-,17,42,1732,37,-,-,8,-,2,-,-,74,909,1,-,3,-,8,12,2,35,32,536,219,15,-,25,62,28,1,1,-,6,-,47,208
,Horticultura e floricultura,27,-,-,-,-,-,-,-,-,-,8,-,-,1,-,-,-,-,3,2,10,-,1,-,-,1,1,-,-,-,-,-,4,-,162,1,1,-,2,-,-,-,-,5,37,1,-,2,-,1,1,-,3,11,93,7,1,-,1,8,1,-,-,-,-,-,14,9
,Produção de lavouras permanentes,43,1,-,-,-,-,1,-,-,4,6,-,-,-,-,-,-,-,2,12,16,1,3,1,-,-,1,-,-,-,-,-,1,2,126,1,-,-,-,-,1,-,-,13,17,-,-,3,-,1,-,-,5,31,53,5,2,2,-,2,2,-,-,-,1,-,5,4
,Produção de sementes e mudas certificadas,1,-,-,-,-,-,-,-,-,-,-,-,-,-,-,-,-,-,-,-,1,-,-,-,-,-,-,-,-,-,-,-,-,-,15,-,-,-,-,-,-,-,-,2,4,-,-,-,-,1,-,-,-,1,8,-,-,-,-,1,-,-,-,-,-,-,1,2
,Pecuária e criação de outros animais,3974,6,-,-,2,1,6,-,4,144,336,5,-,3,1,41,2,-,68,31,3407,53,22,-,110,195,105,1,4,-,9,1,44,69,10893,29,-,-,9,1,11,-,3,444,1532,10,-,2,8,70,16,1,175,70,8960,320,47,-,143,418,197,4,8,1,6,2,129,353
,Produção florestal - florestas plantadas,17,1,-,-,-,-,-,-,-,2,-,-,-,-,-,1,-,-,4,1,5,-,-,-,4,5,3,-,-,-,5,1,-,-,26,-,-,-,-,-,1,-,-,3,6,-,-,-,-,-,-,1,3,1,8,1,3,-,4,3,5,-,-,-,7,-,1,1
,Produção florestal - florestas nativas,13,-,-,-,-,-,-,-,-,2,1,-,-,-,1,-,-,-,-,4,1,-,-,-,-,-,-,-,-,-,3,-,2,1,35,-,-,-,-,-,-,-,-,7,8,-,-,-,2,-,1,-,1,5,2,2,-,-,-,-,-,-,-,-,9,1,4,2
,Pesca,-,-,-,-,-,-,-,-,-,-,-,-,-,-,-,-,-,-,-,-,-,-,-,-,-,-,-,-,-,-,-,-,-,-,-,-,-,-,-,-,-,-,-,-,-,-,-,-,-,-,-,-,-,-,-,-,-,-,-,-,-,-,-,-,-,-,-,-
,Aquicultura,37,2,-,-,-,-,-,-,-,3,6,-,-,1,-,-,-,-,-,4,17,3,2,-,-,1,1,-,-,-,1,-,6,-,23,-,-,-,-,-,-,-,-,3,10,-,-,-,-,-,-,-,-,2,12,2,1,-,1,1,2,-,-,-,-,-,2,1
Distrito Federal,Total,372,1,-,-,1,1,1,-,-,21,39,-,-,12,2,2,2,-,9,37,219,7,2,1,4,3,26,-,1,-,-,5,30,1,370,2,-,-,-,4,6,-,1,35,63,1,-,13,2,2,1,2,11,45,163,9,2,1,1,8,13,-,-,-,1,1,35,3
,Produção de lavouras temporárias,50,-,-,-,1,-,-,-,-,4,22,-,-,1,-,-,1,-,2,2,10,1,-,-,1,-,2,-,-,-,-,-,10,1,52,1,-,-,-,1,1,-,-,5,24,-,-,3,1,-,1,-,4,7,5,4,-,-,-,1,2,-,-,-,-,-,2,-
,Horticultura e floricultura,28,1,-,-,-,1,1,-,-,1,1,-,-,7,-,-,1,-,-,3,5,-,1,1,1,1,2,-,1,-,-,-,4,-,49,-,-,-,-,-,-,-,-,4,4,-,-,8,-,-,-,-,2,12,3,-,1,-,-,-,-,-,-,-,-,-,18,1
,Produção de lavouras permanentes,13,-,-,-,-,-,-,-,-,1,2,-,-,2,-,-,-,-,-,8,-,1,1,-,-,-,-,-,-,-,-,1,1,-,22,-,-,-,-,2,2,-,-,4,2,-,-,1,-,-,-,-,1,8,-,-,-,1,-,-,1,-,-,-,-,-,1,-
,Produção de sementes e mudas certificadas,1,-,-,-,-,-,-,-,-,-,-,-,-,-,-,-,-,-,-,1,-,-,-,-,-,-,-,-,-,-,-,-,-,-,1,-,-,-,-,-,-,-,-,-,-,-,-,-,-,-,-,-,-,-,-,-,-,-,-,-,-,-,-,-,-,-,1,-
,Pecuária e criação de outros animais,269,-,-,-,-,-,-,-,-,15,14,-,-,2,2,2,-,-,7,22,202,5,-,-,2,2,18,-,-,-,-,1,13,-,242,1,-,-,-,1,3,-,1,22,33,1,-,1,1,2,-,2,4,18,155,5,1,-,1,7,7,-,-,-,-,1,13,2
,Produção florestal - florestas plantadas,2,-,-,-,-,-,-,-,-,-,-,-,-,-,-,-,-,-,-,-,-,-,-,-,-,-,-,-,-,-,-,2,-,-,2,-,-,-,-,-,-,-,-,-,-,-,-,-,-,-,-,-,-,-,-,-,-,-,-,-,1,-,-,-,1,-,-,-
,Produção florestal - florestas nativas,-,-,-,-,-,-,-,-,-,-,-,-,-,-,-,-,-,-,-,-,-,-,-,-,-,-,-,-,-,-,-,-,-,-,-,-,-,-,-,-,-,-,-,-,-,-,-,-,-,-,-,-,-,-,-,-,-,-,-,-,-,-,-,-,-,-,-,-
,Pesca,-,-,-,-,-,-,-,-,-,-,-,-,-,-,-,-,-,-,-,-,-,-,-,-,-,-,-,-,-,-,-,-,-,-,-,-,-,-,-,-,-,-,-,-,-,-,-,-,-,-,-,-,-,-,-,-,-,-,-,-,-,-,-,-,-,-,-,-
,Aquicultura,9,-,-,-,-,-,-,-,-,-,-,-,-,-,-,-,-,-,-,1,2,-,-,-,-,-,4,-,-,-,-,1,2,-,2,-,-,-,-,-,-,-,-,-,-,-,-,-,-,-,-,-,-,-,-,-,-,-,-,-,2,-,-,-,-,-,-,-
Fonte: IBGE - Censo Agropecuário,,,,,,,,,,,,,,,,,,,,,,,,,,,,,,,,,,,,,,,,,,,,,,,,,,,,,,,,,,,,,,,,,,,,,
