"Tabela 6588 - Série histórica da estimativa anual da área plantada, área colhida, produção e rendimento médio dos produtos das lavouras",,,,,,,,,,,,,,,,,,,,,,,,,,,,,,,,,,,,,,,,,,,,,,,,,,,,,,,,,,,,,,,,,,,,,,,,,,,,,,,,,,,,,,,,,,,,,,,,,,,,,,,,,,,,,,,,,,,,,,,,,,,,,,,,,,,,,,,,,,,,,,,,,,,,,,,,,,,,,,,,,,,,,,,,,,,,,,,,,,,,,,,,,,,,,,,,,,,,,,,,,,,,,,,,,,,,,,,,,,,,,,,,,,,,,,,,,,,,,,,,,,,,,,,,,,,,,,,,,,,,,,,,,,,,,,,,,,,,,,,,,,,,,,,,,,,,,,,,,,,,,,,,,,,,,,,,,,,,,,,,,,,,,,,,,,,,,,,,,,,,,,,,,,,,,,,,,,,,,,,,,,,,,,,,,,,,,,,,,,,,,,,,,,,,,,,,,,,,,,,,,,,,,,,,,,,,,,,,,,,,,,,,,,,,,,,,,,,,,,,,,,,,,,,,,,,,,,,,,,,,,,,,,,,,,,,,,,,,,,,,,,,,,,,,,,,,,,,,,,,,,,,,,,,,,,,,,,,,,,,,,,,,,,,,
Variável - Rendimento médio (Quilogramas por Hectare),,,,,,,,,,,,,,,,,,,,,,,,,,,,,,,,,,,,,,,,,,,,,,,,,,,,,,,,,,,,,,,,,,,,,,,,,,,,,,,,,,,,,,,,,,,,,,,,,,,,,,,,,,,,,,,,,,,,,,,,,,,,,,,,,,,,,,,,,,,,,,,,,,,,,,,,,,,,,,,,,,,,,,,,,,,,,,,,,,,,,,,,,,,,,,,,,,,,,,,,,,,,,,,,,,,,,,,,,,,,,,,,,,,,,,,,,,,,,,,,,,,,,,,,,,,,,,,,,,,,,,,,,,,,,,,,,,,,,,,,,,,,,,,,,,,,,,,,,,,,,,,,,,,,,,,,,,,,,,,,,,,,,,,,,,,,,,,,,,,,,,,,,,,,,,,,,,,,,,,,,,,,,,,,,,,,,,,,,,,,,,,,,,,,,,,,,,,,,,,,,,,,,,,,,,,,,,,,,,,,,,,,,,,,,,,,,,,,,,,,,,,,,,,,,,,,,,,,,,,,,,,,,,,,,,,,,,,,,,,,,,,,,,,,,,,,,,,,,,,,,,,,,,,,,,,,,,,,,,,,,,,,,,,,
Brasil e Unidade da Federação,Mês x Produto das lavouras,,,,,,,,,,,,,,,,,,,,,,,,,,,,,,,,,,,,,,,,,,,,,,,,,,,,,,,,,,,,,,,,,,,,,,,,,,,,,,,,,,,,,,,,,,,,,,,,,,,,,,,,,,,,,,,,,,,,,,,,,,,,,,,,,,,,,,,,,,,,,,,,,,,,,,,,,,,,,,,,,,,,,,,,,,,,,,,,,,,,,,,,,,,,,,,,,,,,,,,,,,,,,,,,,,,,,,,,,,,,,,,,,,,,,,,,,,,,,,,,,,,,,,,,,,,,,,,,,,,,,,,,,,,,,,,,,,,,,,,,,,,,,,,,,,,,,,,,,,,,,,,,,,,,,,,,,,,,,,,,,,,,,,,,,,,,,,,,,,,,,,,,,,,,,,,,,,,,,,,,,,,,,,,,,,,,,,,,,,,,,,,,,,,,,,,,,,,,,,,,,,,,,,,,,,,,,,,,,,,,,,,,,,,,,,,,,,,,,,,,,,,,,,,,,,,,,,,,,,,,,,,,,,,,,,,,,,,,,,,,,,,,,,,,,,,,,,,,,,,,,,,,,,,,,,,,,,,,,,,,,,,,,,,
,janeiro 2023,,,,,,,,,,,,,,,,,,,,,,,,,,,,,,,,,,,,,,,,,,,,fevereiro 2023,,,,,,,,,,,,,,,,,,,,,,,,,,,,,,,,,,,,,,,,,,,,março 2023,,,,,,,,,,,,,,,,,,,,,,,,,,,,,,,,,,,,,,,,,,,,abril 2023,,,,,,,,,,,,,,,,,,,,,,,,,,,,,,,,,,,,,,,,,,,,maio 2023,,,,,,,,,,,,,,,,,,,,,,,,,,,,,,,,,,,,,,,,,,,,junho 2023,,,,,,,,,,,,,,,,,,,,,,,,,,,,,,,,,,,,,,,,,,,,julho 2023,,,,,,,,,,,,,,,,,,,,,,,,,,,,,,,,,,,,,,,,,,,,agosto 2023,,,,,,,,,,,,,,,,,,,,,,,,,,,,,,,,,,,,,,,,,,,,setembro 2023,,,,,,,,,,,,,,,,,,,,,,,,,,,,,,,,,,,,,,,,,,,,outubro 2023,,,,,,,,,,,,,,,,,,,,,,,,,,,,,,,,,,,,,,,,,,,,novembro 2023,,,,,,,,,,,,,,,,,,,,,,,,,,,,,,,,,,,,,,,,,,,,dezembro 2023,,,,,,,,,,,,,,,,,,,,,,,,,,,,,,,,,,,,,,,,,,,
,"1 Cereais, leguminosas e oleaginosas",1.1 Algodão herbáceo,1.2 Amendoim (1ª Safra),1.3 Amendoim (2ª Safra),1.4 Arroz,1.5 Aveia,1.6 Centeio,1.7 Cevada,1.8 Feijão (1ª Safra),1.9 Feijão (2ª Safra),1.10 Feijão (3ª Safra),1.11 Girassol,1.12 Mamona,1.13 Milho (1ª Safra),1.14 Milho (2ª Safra),1.15 Soja,1.16 Sorgo,1.17 Trigo,1.18 Triticale,2 Abacaxi,3 Alho,4 Banana,5 Batata - inglesa (1ª Safra),6 Batata - inglesa (2ª Safra),7 Batata - inglesa (3ª Safra),8 Cacau,9/10 Café total,9 Café arábica,10 Café canephora,11 Cana-de-açúcar,12 Castanha-de-caju,13 Cebola,14 Coco-da-baía,15 Fumo,16 Guaraná,17 Juta,18 Laranja,19 Maçã,20 Malva,21 Mandioca,22 Pimenta-do-reino,23 Sisal ou agave,24 Tomate,25 Uva,"1 Cereais, leguminosas e oleaginosas",1.1 Algodão herbáceo,1.2 Amendoim (1ª Safra),1.3 Amendoim (2ª Safra),1.4 Arroz,1.5 Aveia,1.6 Centeio,1.7 Cevada,1.8 Feijão (1ª Safra),1.9 Feijão (2ª Safra),1.10 Feijão (3ª Safra),1.11 Girassol,1.12 Mamona,1.13 Milho (1ª Safra),1.14 Milho (2ª Safra),1.15 Soja,1.16 Sorgo,1.17 Trigo,1.18 Triticale,2 Abacaxi,3 Alho,4 Banana,5 Batata - inglesa (1ª Safra),6 Batata - inglesa (2ª Safra),7 Batata - inglesa (3ª Safra),8 Cacau,9/10 Café total,9 Café arábica,10 Café canephora,11 Cana-de-açúcar,12 Castanha-de-caju,13 Cebola,14 Coco-da-baía,15 Fumo,16 Guaraná,17 Juta,18 Laranja,19 Maçã,20 Malva,21 Mandioca,22 Pimenta-do-reino,23 Sisal ou agave,24 Tomate,25 Uva,"1 Cereais, leguminosas e oleaginosas",1.1 Algodão herbáceo,1.2 Amendoim (1ª Safra),1.3 Amendoim (2ª Safra),1.4 Arroz,1.5 Aveia,1.6 Centeio,1.7 Cevada,1.8 Feijão (1ª Safra),1.9 Feijão (2ª Safra),1.10 Feijão (3ª Safra),1.11 Girassol,1.12 Mamona,1.13 Milho (1ª Safra),1.14 Milho (2ª Safra),1.15 Soja,1.16 Sorgo,1.17 Trigo,1.18 Triticale,2 Abacaxi,3 Alho,4 Banana,5 Batata - inglesa (1ª Safra),6 Batata - inglesa (2ª Safra),7 Batata - inglesa (3ª Safra),8 Cacau,9/10 Café total,9 Café arábica,10 Café canephora,11 Cana-de-açúcar,12 Castanha-de-caju,13 Cebola,14 Coco-da-baía,15 Fumo,16 Guaraná,17 Juta,18 Laranja,19 Maçã,20 Malva,21 Mandioca,22 Pimenta-do-reino,23 Sisal ou agave,24 Tomate,25 Uva,"1 Cereais, leguminosas e oleaginosas",1.1 Algodão herbáceo,1.2 Amendoim (1ª Safra),1.3 Amendoim (2ª Safra),1.4 Arroz,1.5 Aveia,1.6 Centeio,1.7 Cevada,1.8 Feijão (1ª Safra),1.9 Feijão (2ª Safra),1.10 Feijão (3ª Safra),1.11 Girassol,1.12 Mamona,1.13 Milho (1ª Safra),1.14 Milho (2ª Safra),1.15 Soja,1.16 Sorgo,1.17 Trigo,1.18 Triticale,2 Abacaxi,3 Alho,4 Banana,5 Batata - inglesa (1ª Safra),6 Batata - inglesa (2ª Safra),7 Batata - inglesa (3ª Safra),8 Cacau,9/10 Café total,9 Café arábica,10 Café canephora,11 Cana-de-açúcar,12 Castanha-de-caju,13 Cebola,14 Coco-da-baía,15 Fumo,16 Guaraná,17 Juta,18 Laranja,19 Maçã,20 Malva,21 Mandioca,22 Pimenta-do-reino,23 Sisal ou agave,24 Tomate,25 Uva,"1 Cereais, leguminosas e oleaginosas",1.1 Algodão herbáceo,1.2 Amendoim (1ª Safra),1.3 Amendoim (2ª Safra),1.4 Arroz,1.5 Aveia,1.6 Centeio,1.7 Cevada,1.8 Feijão (1ª Safra),1.9 Feijão (2ª Safra),1.10 Feijão (3ª Safra),1.11 Girassol,1.12 Mamona,1.13 Milho (1ª Safra),1.14 Milho (2ª Safra),1.15 Soja,1.16 Sorgo,1.17 Trigo,1.18 Triticale,2 Abacaxi,3 Alho,4 Banana,5 Batata - inglesa (1ª Safra),6 Batata - inglesa (2ª Safra),7 Batata - inglesa (3ª Safra),8 Cacau,9/10 Café total,9 Café arábica,10 Café canephora,11 Cana-de-açúcar,12 Castanha-de-caju,13 Cebola,14 Coco-da-baía,15 Fumo,16 Guaraná,17 Juta,18 Laranja,19 Maçã,20 Malva,21 Mandioca,22 Pimenta-do-reino,23 Sisal ou agave,24 Tomate,25 Uva,"1 Cereais, leguminosas e oleaginosas",1.1 Algodão herbáceo,1.2 Amendoim (1ª Safra),1.3 Amendoim (2ª Safra),1.4 Arroz,1.5 Aveia,1.6 Centeio,1.7 Cevada,1.8 Feijão (1ª Safra),1.9 Feijão (2ª Safra),1.10 Feijão (3ª Safra),1.11 Girassol,1.12 Mamona,1.13 Milho (1ª Safra),1.14 Milho (2ª Safra),1.15 Soja,1.16 Sorgo,1.17 Trigo,1.18 Triticale,2 Abacaxi,3 Alho,4 Banana,5 Batata - inglesa (1ª Safra),6 Batata - inglesa (2ª Safra),7 Batata - inglesa (3ª Safra),8 Cacau,9/10 Café total,9 Café arábica,10 Café canephora,11 Cana-de-açúcar,12 Castanha-de-caju,13 Cebola,14 Coco-da-baía,15 Fumo,16 Guaraná,17 Juta,18 Laranja,19 Maçã,20 Malva,21 Mandioca,22 Pimenta-do-reino,23 Sisal ou agave,24 Tomate,25 Uva,"1 Cereais, leguminosas e oleaginosas",1.1 Algodão herbáceo,1.2 Amendoim (1ª Safra),1.3 Amendoim (2ª Safra),1.4 Arroz,1.5 Aveia,1.6 Centeio,1.7 Cevada,1.8 Feijão (1ª Safra),1.9 Feijão (2ª Safra),1.10 Feijão (3ª Safra),1.11 Girassol,1.12 Mamona,1.13 Milho (1ª Safra),1.14 Milho (2ª Safra),1.15 Soja,1.16 Sorgo,1.17 Trigo,1.18 Triticale,2 Abacaxi,3 Alho,4 Banana,5 Batata - inglesa (1ª Safra),6 Batata - inglesa (2ª Safra),7 Batata - inglesa (3ª Safra),8 Cacau,9/10 Café total,9 Café arábica,10 Café canephora,11 Cana-de-açúcar,12 Castanha-de-caju,13 Cebola,14 Coco-da-baía,15 Fumo,16 Guaraná,17 Juta,18 Laranja,19 Maçã,20 Malva,21 Mandioca,22 Pimenta-do-reino,23 Sisal ou agave,24 Tomate,25 Uva,"1 Cereais, leguminosas e oleaginosas",1.1 Algodão herbáceo,1.2 Amendoim (1ª Safra),1.3 Amendoim (2ª Safra),1.4 Arroz,1.5 Aveia,1.6 Centeio,1.7 Cevada,1.8 Feijão (1ª Safra),1.9 Feijão (2ª Safra),1.10 Feijão (3ª Safra),1.11 Girassol,1.12 Mamona,1.13 Milho (1ª Safra),1.14 Milho (2ª Safra),1.15 Soja,1.16 Sorgo,1.17 Trigo,1.18 Triticale,2 Abacaxi,3 Alho,4 Banana,5 Batata - inglesa (1ª Safra),6 Batata - inglesa (2ª Safra),7 Batata - inglesa (3ª Safra),8 Cacau,9/10 Café total,9 Café arábica,10 Café canephora,11 Cana-de-açúcar,12 Castanha-de-caju,13 Cebola,14 Coco-da-baía,15 Fumo,16 Guaraná,17 Juta,18 Laranja,19 Maçã,20 Malva,21 Mandioca,22 Pimenta-do-reino,23 Sisal ou agave,24 Tomate,25 Uva,"1 Cereais, leguminosas e oleaginosas",1.1 Algodão herbáceo,1.2 Amendoim (1ª Safra),1.3 Amendoim (2ª Safra),1.4 Arroz,1.5 Aveia,1.6 Centeio,1.7 Cevada,1.8 Feijão (1ª Safra),1.9 Feijão (2ª Safra),1.10 Feijão (3ª Safra),1.11 Girassol,1.12 Mamona,1.13 Milho (1ª Safra),1.14 Milho (2ª Safra),1.15 Soja,1.16 Sorgo,1.17 Trigo,1.18 Triticale,2 Abacaxi,3 Alho,4 Banana,5 Batata - inglesa (1ª Safra),6 Batata - inglesa (2ª Safra),7 Batata - inglesa (3ª Safra),8 Cacau,9/10 Café total,9 Café arábica,10 Café canephora,11 Cana-de-açúcar,12 Castanha-de-caju,13 Cebola,14 Coco-da-baía,15 Fumo,16 Guaraná,17 Juta,18 Laranja,19 Maçã,20 Malva,21 Mandioca,22 Pimenta-do-reino,23 Sisal ou agave,24 Tomate,25 Uva,"1 Cereais, leguminosas e oleaginosas",1.1 Algodão herbáceo,1.2 Amendoim (1ª Safra),1.3 Amendoim (2ª Safra),1.4 Arroz,1.5 Aveia,1.6 Centeio,1.7 Cevada,1.8 Feijão (1ª Safra),1.9 Feijão (2ª Safra),1.10 Feijão (3ª Safra),1.11 Girassol,1.12 Mamona,1.13 Milho (1ª Safra),1.14 Milho (2ª Safra),1.15 Soja,1.16 Sorgo,1.17 Trigo,1.18 Triticale,2 Abacaxi,3 Alho,4 Banana,5 Batata - inglesa (1ª Safra),6 Batata - inglesa (2ª Safra),7 Batata - inglesa (3ª Safra),8 Cacau,9/10 Café total,9 Café arábica,10 Café canephora,11 Cana-de-açúcar,12 Castanha-de-caju,13 Cebola,14 Coco-da-baía,15 Fumo,16 Guaraná,17 Juta,18 Laranja,19 Maçã,20 Malva,21 Mandioca,22 Pimenta-do-reino,23 Sisal ou agave,24 Tomate,25 Uva,"1 Cereais, leguminosas e oleaginosas",1.1 Algodão herbáceo,1.2 Amendoim (1ª Safra),1.3 Amendoim (2ª Safra),1.4 Arroz,1.5 Aveia,1.6 Centeio,1.7 Cevada,1.8 Feijão (1ª Safra),1.9 Feijão (2ª Safra),1.10 Feijão (3ª Safra),1.11 Girassol,1.12 Mamona,1.13 Milho (1ª Safra),1.14 Milho (2ª Safra),1.15 Soja,1.16 Sorgo,1.17 Trigo,1.18 Triticale,2 Abacaxi,3 Alho,4 Banana,5 Batata - inglesa (1ª Safra),6 Batata - inglesa (2ª Safra),7 Batata - inglesa (3ª Safra),8 Cacau,9/10 Café total,9 Café arábica,10 Café canephora,11 Cana-de-açúcar,12 Castanha-de-caju,13 Cebola,14 Coco-da-baía,15 Fumo,16 Guaraná,17 Juta,18 Laranja,19 Maçã,20 Malva,21 Mandioca,22 Pimenta-do-reino,23 Sisal ou agave,24 Tomate,25 Uva,"1 Cereais, leguminosas e oleaginosas",1.1 Algodão herbáceo,1.2 Amendoim (1ª Safra),1.3 Amendoim (2ª Safra),1.4 Arroz,1.5 Aveia,1.6 Centeio,1.7 Cevada,1.8 Feijão (1ª Safra),1.9 Feijão (2ª Safra),1.10 Feijão (3ª Safra),1.11 Girassol,1.12 Mamona,1.13 Milho (1ª Safra),1.14 Milho (2ª Safra),1.15 Soja,1.16 Sorgo,1.17 Trigo,1.18 Triticale,2 Abacaxi,3 Alho,4 Banana,5 Batata - inglesa (1ª Safra),6 Batata - inglesa (2ª Safra),7 Batata - inglesa (3ª Safra),8 Cacau,9/10 Café total,9 Café arábica,10 Café canephora,11 Cana-de-açúcar,12 Castanha-de-caju,13 Cebola,14 Coco-da-baía,15 Fumo,16 Guaraná,17 Juta,18 Laranja,19 Maçã,20 Malva,21 Mandioca,22 Pimenta-do-reino,23 Sisal ou agave,24 Tomate,25 Uva
Brasil,-,4161,3875,1570,6628,2209,1821,3686,785,1262,2777,1624,686,5499,5565,3449,2995,2842,2842,...,...,15212,31235,31870,33362,478,-,1511,2510,71965,287,...,...,2135,...,-,28969,...,...,14739,...,...,71908,22487,-,4161,3880,1570,6556,2153,1785,3697,787,1262,2778,1712,686,5367,5541,3385,2991,2837,2977,...,...,15217,31023,32291,33202,478,-,1511,2510,71755,288,...,...,2105,...,-,28988,...,...,14744,...,...,71788,22355,-,4198,3879,1570,6490,2170,2052,4112,790,1257,2780,1688,686,5221,5540,3416,2993,3037,3076,...,...,15217,31213,32314,33202,478,-,1507,2580,71697,288,...,...,2068,...,-,28971,...,...,14757,...,...,71535,22210,-,4200,3739,1585,6514,2185,2071,4084,801,1272,2788,1683,685,5275,5563,3441,3053,3039,3060,...,...,15236,31173,32659,35579,478,-,1510,2558,74389,286,...,...,2085,...,-,25639,...,...,14822,...,...,71810,22211,-,4228,3733,1606,6571,2306,2123,4148,807,1235,2795,1693,685,5261,5728,3415,3090,3206,3084,...,...,15088,31753,32640,35579,478,-,1530,2558,74360,287,...,...,2090,...,-,25638,...,...,14856,...,...,69964,22285,-,4226,3730,1606,6565,2306,2123,4148,810,1235,2777,1693,685,5261,5762,3412,3030,3202,3084,...,...,15087,31808,32673,35609,483,-,1528,2486,74193,287,...,...,2090,...,-,25714,...,...,14929,...,...,69993,22287,-,4335,3729,1598,6620,2364,2069,4225,782,1191,2765,1710,685,5295,5808,3414,3036,3226,2978,...,...,15194,31745,32085,35776,483,-,1527,2487,74367,293,...,...,2088,...,-,25756,...,...,14999,...,...,69783,22351,-,4335,3689,1599,6677,2362,2096,4195,762,1172,2868,1705,684,5328,5905,3431,3134,3189,2959,...,...,15269,31743,32069,33877,487,-,1527,2480,74718,294,...,...,2109,...,-,25848,...,...,14927,...,...,68466,22347,-,4394,3675,1683,6740,2356,1936,4163,755,1174,2902,1634,686,5318,6088,3438,3203,3092,2939,...,...,15317,31398,32248,33877,488,-,1555,2510,77825,295,...,...,2138,...,-,26916,...,...,15069,...,...,70737,22344,-,4399,3675,1683,6850,2058,1871,3727,753,1176,2925,1636,686,5317,6092,3436,3289,2681,2751,...,...,15254,31399,32267,38642,487,-,1555,2515,78245,294,...,...,2140,...,-,26921,...,...,15266,...,...,69915,22344,-,4437,3675,1677,6874,2089,1804,3143,756,1187,2926,1629,686,5360,6090,3435,3267,2607,2567,...,...,15163,31177,32220,38068,465,-,1549,2547,78342,288,...,...,2141,...,-,26977,...,...,15472,...,...,69770,22633,-,4430,3783,1688,6939,1716,1525,2868,757,1191,2925,1629,687,5362,6104,3437,3259,2288,2362,...,...,15092,31177,32225,38061,466,-,1571,2556,79505,271,...,...,2142,...,-,26966,...,...,15480,...,...,70207,22635
Rondônia,-,-,1342,1800,2974,-,-,-,880,-,-,-,-,3392,4644,3589,-,-,-,...,...,11618,-,-,-,670,-,-,3368,39301,-,...,...,-,...,-,11772,...,...,21722,...,...,33103,6909,-,-,1342,1800,2974,-,-,-,880,-,-,-,-,3392,4644,3589,-,-,-,...,...,11618,-,-,-,670,-,-,3368,39301,-,...,...,-,...,-,11772,...,...,21722,...,...,33103,6909,-,-,1342,1800,2974,-,-,-,896,-,-,-,-,3483,4470,3643,-,-,-,...,...,11544,-,-,-,669,-,-,3602,37620,-,...,...,-,...,-,12668,...,...,21720,...,...,33103,6909,-,-,1342,1800,3009,-,-,-,878,-,-,-,-,3295,4821,3611,-,-,-,...,...,11596,-,-,-,669,-,-,3546,36927,-,...,...,-,...,-,12454,...,...,21898,...,...,33103,7000,-,-,1342,1800,3027,-,-,-,872,-,-,-,-,3578,4891,3662,-,-,-,...,...,11431,-,-,-,669,-,-,3542,44118,-,...,...,-,...,-,12454,...,...,21898,...,...,33103,6667,-,-,1378,1800,3029,-,-,-,878,-,-,-,-,3565,4891,3670,-,-,-,...,...,11461,-,-,-,671,-,-,3521,37601,-,...,...,-,...,-,13135,...,...,21637,...,...,33103,7000,-,-,1378,1875,3029,-,-,-,878,-,-,-,-,3561,4891,3593,-,-,-,...,...,11461,-,-,-,671,-,-,3522,37601,-,...,...,-,...,-,13135,...,...,21646,...,...,33103,7000,-,-,1386,1875,3030,-,-,-,878,-,-,-,-,3567,4859,3596,-,-,-,...,...,10757,-,-,-,669,-,-,3513,37601,-,...,...,-,...,-,12913,...,...,21893,...,...,34304,7000,-,-,1417,1875,3027,-,-,-,871,-,-,-,-,3645,4860,3611,-,-,-,...,...,11402,-,-,-,674,-,-,3552,38344,-,...,...,-,...,-,11565,...,...,21162,...,...,34304,7000,-,-,1417,1875,3027,-,-,-,871,-,-,-,-,3645,4860,3613,-,-,-,...,...,11402,-,-,-,645,-,-,3552,38344,-,...,...,-,...,-,12255,...,...,21162,...,...,34304,-,-,-,1386,1857,3163,-,-,-,871,-,-,-,-,3647,4844,3604,-,-,-,...,...,11402,-,-,-,655,-,-,3653,38344,-,...,...,-,...,-,12609,...,...,21008,...,...,37486,-,-,-,1410,1857,3164,-,-,-,856,-,-,-,-,3647,4859,3617,-,-,-,...,...,11402,-,-,-,682,-,-,3618,36898,-,...,...,-,...,-,12609,...,...,21008,...,...,34426,-
Acre,-,-,1403,-,1279,-,-,-,-,551,-,-,-,2895,4237,3348,-,-,-,...,...,12827,-,-,-,-,-,-,2338,26538,-,...,...,880,...,-,14452,...,...,23301,...,...,-,-,-,-,1403,-,1279,-,-,-,-,551,-,-,-,2895,4237,3348,-,-,-,...,...,12827,-,-,-,-,-,-,2338,26538,-,...,...,880,...,-,14452,...,...,23301,...,...,-,-,-,-,1403,-,1279,-,-,-,-,551,-,-,-,2895,4237,3348,-,-,-,...,...,12827,-,-,-,-,-,-,2338,26538,-,...,...,880,...,-,14452,...,...,23301,...,...,-,-,-,-,1403,-,1279,-,-,-,-,551,-,-,-,2895,4237,3348,-,-,-,...,...,12827,-,-,-,-,-,-,2338,26538,-,...,...,880,...,-,14452,...,...,23301,...,...,-,-,-,-,1403,-,1183,-,-,-,-,559,-,-,-,2860,4237,3687,-,-,-,...,...,12832,-,-,-,-,-,-,2364,26538,-,...,...,866,...,-,14452,...,...,23292,...,...,-,-,-,-,1403,-,1183,-,-,-,-,559,-,-,-,2860,4237,3687,-,-,-,...,...,12832,-,-,-,-,-,-,2364,26538,-,...,...,866,...,-,14452,...,...,23292,...,...,-,-,-,-,1403,-,1203,-,-,-,-,559,-,-,-,3012,4454,3808,-,-,-,...,...,12832,-,-,-,-,-,-,2526,26538,-,...,...,866,...,-,14452,...,...,23292,...,...,-,-,-,-,1400,-,1203,-,-,-,-,557,-,-,-,3012,4473,3808,-,-,-,...,...,12860,-,-,-,-,-,-,2850,26449,-,...,...,866,...,-,14203,...,...,23292,...,...,-,-,-,-,1400,-,1203,-,-,-,-,557,-,-,-,3012,4473,3808,-,-,-,...,...,12860,-,-,-,-,-,-,2850,26449,-,...,...,866,...,-,14203,...,...,23292,...,...,-,-,-,-,1400,-,1203,-,-,-,-,557,-,-,-,3012,4473,3808,-,-,-,...,...,12860,-,-,-,-,-,-,2850,26449,-,...,...,866,...,-,14203,...,...,23292,...,...,-,-,-,-,1400,-,1203,-,-,-,-,557,-,-,-,3012,4473,3808,-,-,-,...,...,12860,-,-,-,-,-,-,2850,26449,-,...,...,866,...,-,14203,...,...,23292,...,...,-,-,-,-,1362,-,1203,-,-,-,-,566,-,-,-,3023,4473,3808,-,-,-,...,...,12685,-,-,-,-,-,-,2878,26311,-,...,...,865,...,-,13791,...,...,23164,...,...,-,-
Amazonas,-,-,-,-,2011,-,-,-,963,973,-,-,-,2505,-,-,-,-,-,...,...,14628,-,-,-,707,-,918,1249,58005,-,...,...,-,...,-,21377,...,...,9821,...,...,-,-,-,-,-,-,2011,-,-,-,963,973,-,-,-,2505,-,-,-,-,-,...,...,14628,-,-,-,707,-,918,1249,58005,-,...,...,-,...,-,21377,...,...,9821,...,...,-,-,-,-,-,-,2011,-,-,-,963,973,-,-,-,2505,-,-,-,-,-,...,...,14628,-,-,-,707,-,918,1249,58005,-,...,...,-,...,-,21377,...,...,9821,...,...,-,-,-,-,-,-,2011,-,-,-,963,973,-,-,-,2505,-,-,-,-,-,...,...,14628,-,-,-,707,-,918,1249,58005,-,...,...,-,...,-,21377,...,...,9821,...,...,-,-,-,-,-,-,2011,-,-,-,963,973,-,-,-,2505,-,-,-,-,-,...,...,14628,-,-,-,707,-,918,1249,58005,-,...,...,-,...,-,21377,...,...,9821,...,...,-,-,-,-,-,-,2011,-,-,-,963,973,-,-,-,2505,-,-,-,-,-,...,...,14628,-,-,-,707,-,918,1249,58005,-,...,...,-,...,-,21377,...,...,9821,...,...,-,-,-,-,-,-,2011,-,-,-,963,973,-,-,-,2505,-,-,-,-,-,...,...,14628,-,-,-,707,-,918,1249,58005,-,...,...,-,...,-,21377,...,...,9821,...,...,-,-,-,-,-,-,2006,-,-,-,984,973,-,-,-,2505,-,-,-,-,-,...,...,14628,-,-,-,560,-,-,1249,58005,-,...,...,-,...,-,21377,...,...,9821,...,...,8667,-,-,-,-,-,2011,-,-,-,984,973,-,-,-,2505,-,-,-,-,-,...,...,14628,-,-,-,707,-,-,1249,58005,-,...,...,-,...,-,21377,...,...,9821,...,...,8667,-,-,-,-,-,2010,-,-,-,1001,1366,-,-,-,2400,-,-,-,-,-,...,...,12471,-,-,-,507,-,-,1300,58039,-,...,...,-,...,-,18000,...,...,11195,...,...,8250,-,-,-,-,-,2010,-,-,-,1001,1366,-,-,-,2400,-,-,-,-,-,...,...,12471,-,-,-,507,-,-,1300,58039,-,...,...,-,...,-,18000,...,...,11195,...,...,8250,-,-,-,-,-,2010,-,-,-,1001,1366,-,-,-,2400,-,-,-,-,-,...,...,12471,-,-,-,507,-,-,1300,58039,-,...,...,-,...,-,18000,...,...,11195,...,...,8250,-
Roraima,-,3285,-,-,6341,-,-,-,727,916,-,-,-,2929,6110,2179,-,-,-,...,...,10718,-,-,-,615,-,-,-,13902,-,...,...,-,...,-,11794,...,...,22037,...,...,17761,-,-,3285,-,-,6341,-,-,-,727,916,-,-,-,2929,6110,2179,-,-,-,...,...,10718,-,-,-,615,-,-,-,13902,-,...,...,-,...,-,11794,...,...,22037,...,...,17761,-,-,3285,-,-,6341,-,-,-,727,916,-,-,-,2929,6110,2179,-,-,-,...,...,10718,-,-,-,615,-,-,-,13902,-,...,...,-,...,-,11794,...,...,22037,...,...,17761,-,-,3285,-,-,6341,-,-,-,727,916,-,-,-,2929,6110,2179,-,-,-,...,...,10718,-,-,-,615,-,-,-,13902,-,...,...,-,...,-,11794,...,...,22037,...,...,17761,-,-,3285,-,-,6341,-,-,-,727,916,-,-,-,2929,6110,2179,-,-,-,...,...,10718,-,-,-,615,-,-,-,13902,-,...,...,-,...,-,11794,...,...,22037,...,...,17761,-,-,3285,-,-,6341,-,-,-,727,916,-,-,-,2929,6110,2179,-,-,-,...,...,10718,-,-,-,615,-,-,-,13902,-,...,...,-,...,-,11794,...,...,22037,...,...,17761,-,-,3285,-,-,6341,-,-,-,727,916,-,-,-,2929,6110,2179,-,-,-,...,...,10718,-,-,-,615,-,-,-,13902,-,...,...,-,...,-,11794,...,...,22037,...,...,17761,-,-,-,-,-,7352,-,-,-,1728,-,-,-,-,6275,-,3600,-,-,-,...,...,10724,-,-,-,1800,-,-,-,17256,-,...,...,-,...,-,15562,...,...,12452,...,...,21067,-,-,-,-,-,7352,-,-,-,1728,-,-,-,-,6275,-,3600,-,-,-,...,...,10724,-,-,-,1800,-,-,-,17256,-,...,...,-,...,-,15562,...,...,12452,...,...,21067,-,-,-,-,-,7352,-,-,-,1728,-,-,-,-,6275,-,3600,-,-,-,...,...,10724,-,-,-,1800,-,-,-,17256,-,...,...,-,...,-,15562,...,...,12452,...,...,21067,-,-,-,-,-,7352,-,-,-,1728,-,-,-,-,6275,-,3600,-,-,-,...,...,10724,-,-,-,1800,-,-,-,17256,-,...,...,-,...,-,15562,...,...,12452,...,...,21067,-,-,-,-,-,7352,-,-,-,1728,-,-,-,-,6275,-,3600,-,-,-,...,...,10724,-,-,-,1800,-,-,-,17256,-,...,...,-,...,-,15562,...,...,12452,...,...,21067,-
Pará,-,-,1155,1667,2907,-,-,-,790,752,-,-,-,3208,3522,3063,2800,-,-,...,...,11933,-,-,-,965,-,-,883,70961,568,...,...,800,...,-,17162,...,...,14692,...,...,24655,-,-,-,1155,1667,2907,-,-,-,790,752,-,-,-,3208,3522,3063,2800,-,-,...,...,11933,-,-,-,965,-,-,883,70961,568,...,...,800,...,-,17162,...,...,14692,...,...,24655,-,-,-,1155,1667,2907,-,-,-,790,752,-,-,-,3208,3522,3063,2800,-,-,...,...,11933,-,-,-,965,-,-,883,70961,568,...,...,800,...,-,17162,...,...,14692,...,...,24655,-,-,-,1155,1667,2907,-,-,-,790,752,-,-,-,3208,3522,3063,2800,-,-,...,...,11933,-,-,-,965,-,-,883,70961,568,...,...,800,...,-,17162,...,...,14692,...,...,24655,-,-,-,1155,1667,2907,-,-,-,790,752,-,-,-,3208,3522,3063,2800,-,-,...,...,11933,-,-,-,965,-,-,883,70961,568,...,...,800,...,-,17162,...,...,14692,...,...,24655,-,-,-,1155,1667,2898,-,-,-,790,750,-,-,-,3604,3522,3180,2854,-,-,...,...,11917,-,-,-,967,-,-,883,70970,681,...,...,800,...,-,17155,...,...,14761,...,...,25861,-,-,-,1155,1667,2898,-,-,-,790,750,-,-,-,3604,3522,3180,2854,-,-,...,...,11917,-,-,-,967,-,-,883,70970,681,...,...,800,...,-,17155,...,...,14761,...,...,25861,-,-,-,1155,1667,2843,-,-,-,790,753,-,-,-,3605,3547,3177,2854,-,-,...,...,11914,-,-,-,967,-,-,883,70970,665,...,...,800,...,-,17145,...,...,14754,...,...,25861,-,-,-,1155,1667,2844,-,-,-,790,748,-,-,-,3611,3547,3177,2854,-,-,...,...,12130,-,-,-,967,-,-,883,70970,665,...,...,800,...,-,17145,...,...,14754,...,...,25861,-,-,-,1155,1667,2844,-,-,-,790,748,-,-,-,3563,3552,3118,2854,-,-,...,...,11998,-,-,-,967,-,-,883,70970,665,...,...,800,...,-,17147,...,...,14754,...,...,25861,-,-,-,1155,1667,2844,-,-,-,790,749,-,-,-,3566,3552,3118,2854,-,-,...,...,11995,-,-,-,967,-,-,883,70970,681,...,...,800,...,-,17147,...,...,14821,...,...,25861,-,-,-,1155,1667,2850,-,-,-,790,749,-,-,-,3569,3552,3113,2854,-,-,...,...,12013,-,-,-,966,-,-,882,70973,681,...,...,800,...,-,17058,...,...,14826,...,...,23975,-
Amapá,-,-,-,-,1043,-,-,-,-,924,-,-,-,982,-,2500,-,-,-,...,...,9271,-,-,-,-,-,-,-,-,-,...,...,-,...,-,6300,...,...,10363,...,...,-,-,-,-,-,-,1043,-,-,-,-,924,-,-,-,982,-,2500,-,-,-,...,...,9271,-,-,-,-,-,-,-,-,-,...,...,-,...,-,6300,...,...,10363,...,...,-,-,-,-,-,-,1043,-,-,-,-,924,-,-,-,982,-,2579,-,-,-,...,...,9271,-,-,-,-,-,-,-,-,-,...,...,-,...,-,6300,...,...,10363,...,...,-,-,-,-,-,-,1045,-,-,-,-,924,-,-,-,962,-,2579,-,-,-,...,...,9271,-,-,-,-,-,-,-,-,-,...,...,-,...,-,6300,...,...,10363,...,...,-,-,-,-,-,-,1045,-,-,-,-,924,-,-,-,962,-,2658,-,-,-,...,...,9271,-,-,-,-,-,-,-,-,-,...,...,-,...,-,6300,...,...,10363,...,...,-,-,-,-,-,-,1054,-,-,-,-,920,-,-,-,962,-,2658,-,-,-,...,...,9193,-,-,-,-,-,-,-,-,-,...,...,-,...,-,6319,...,...,10437,...,...,-,-,-,-,-,-,1054,-,-,-,-,920,-,-,-,962,-,2658,-,-,-,...,...,9193,-,-,-,-,-,-,-,-,-,...,...,-,...,-,6319,...,...,10437,...,...,-,-,-,-,-,-,1051,-,-,-,-,923,-,-,-,963,-,2658,-,-,-,...,...,9222,-,-,-,-,-,-,-,-,-,...,...,-,...,-,6288,...,...,10408,...,...,-,-,-,-,-,-,1042,-,-,-,-,923,-,-,-,968,-,2658,-,-,-,...,...,9167,-,-,-,-,-,-,-,-,-,...,...,-,...,-,6191,...,...,10731,...,...,-,-,-,-,-,-,1030,-,-,-,-,908,-,-,-,966,-,2658,-,-,-,...,...,9006,-,-,-,-,-,-,-,-,-,...,...,-,...,-,6124,...,...,10652,...,...,-,-,-,-,-,-,1030,-,-,-,-,908,-,-,-,966,-,2658,-,-,-,...,...,8989,-,-,-,-,-,-,-,-,-,...,...,-,...,-,6124,...,...,10652,...,...,-,-,-,-,-,-,1036,-,-,-,-,903,-,-,-,966,-,2658,-,-,-,...,...,9147,-,-,-,-,-,-,-,-,-,...,...,-,...,-,6515,...,...,10560,...,...,-,-
Tocantins,-,3514,3471,-,5388,-,-,-,747,1000,2682,-,-,4099,5009,3347,1971,-,-,...,...,9085,-,-,-,-,-,-,-,80918,1111,...,...,-,...,-,10630,...,...,16074,...,...,-,12000,-,3514,3471,-,5388,-,-,-,747,1000,2682,-,-,4099,5009,3347,1971,-,-,...,...,9085,-,-,-,-,-,-,-,80918,1111,...,...,-,...,-,10630,...,...,16074,...,...,-,12000,-,3514,3471,-,5388,-,-,-,747,1000,2682,-,-,4099,5009,3347,1971,-,-,...,...,9085,-,-,-,-,-,-,-,80918,1111,...,...,-,...,-,10630,...,...,16074,...,...,-,12000,-,3514,3471,-,5388,-,-,-,747,1000,2682,-,-,4099,5009,3347,1971,-,-,...,...,9085,-,-,-,-,-,-,-,80918,1111,...,...,-,...,-,10630,...,...,16074,...,...,-,12000,-,3514,3471,-,5388,-,-,-,747,1000,2682,-,-,4099,5009,3347,1971,-,-,...,...,9085,-,-,-,-,-,-,-,80918,1111,...,...,-,...,-,10630,...,...,16074,...,...,-,12000,-,3819,2200,-,5321,-,-,-,837,1000,2682,-,-,4157,5009,3288,2076,-,-,...,...,8811,-,-,-,-,-,-,-,80731,1111,...,...,-,...,-,12481,...,...,16116,...,...,-,12000,-,3819,2200,-,5321,-,-,-,837,1000,2682,-,-,4157,5009,3288,2076,-,-,...,...,8811,-,-,-,-,-,-,-,80731,1111,...,...,-,...,-,12481,...,...,16116,...,...,-,12000,-,3819,2200,-,5319,-,-,-,837,1000,2682,-,-,4157,5009,3288,2076,-,-,...,...,8811,-,-,-,-,-,-,-,80655,1111,...,...,-,...,-,12481,...,...,16097,...,...,-,11000,-,3819,2200,-,5319,-,-,-,837,992,2682,-,-,4157,5017,3286,2083,-,-,...,...,8811,-,-,-,-,-,-,-,80655,1143,...,...,-,...,-,12602,...,...,16097,...,...,-,11000,-,3819,2200,-,5319,-,-,-,837,992,2682,-,-,4157,5017,3286,2083,-,-,...,...,8811,-,-,-,-,-,-,-,80655,1143,...,...,-,...,-,12602,...,...,16097,...,...,-,11000,-,3819,2200,-,5319,-,-,-,837,992,2682,-,-,4157,5017,3286,2083,-,-,...,...,8811,-,-,-,-,-,-,-,80655,1143,...,...,-,...,-,12602,...,...,16097,...,...,-,11000,-,3819,2200,-,5319,-,-,-,837,992,2682,-,-,4157,5017,3286,2083,-,-,...,...,8811,-,-,-,-,-,-,-,80655,1143,...,...,-,...,-,12602,...,...,16097,...,...,-,11000
Maranhão,-,4085,1587,-,1890,-,-,-,507,621,-,-,-,4961,4156,3191,2120,-,-,...,...,16827,-,-,-,-,-,-,-,64762,361,...,...,-,...,-,4767,...,...,7964,...,...,21786,-,-,4098,1587,-,1890,-,-,-,507,621,-,-,-,4961,4156,3191,2120,-,-,...,...,16827,-,-,-,-,-,-,-,64762,361,...,...,-,...,-,4767,...,...,7964,...,...,21786,-,-,4098,1587,-,1889,-,-,-,507,621,-,-,-,4948,4156,3193,2120,-,-,...,...,16784,-,-,-,-,-,-,-,64750,361,...,...,-,...,-,4767,...,...,7964,...,...,21786,-,-,4098,1587,-,1889,-,-,-,507,621,-,-,-,4948,4156,3193,2120,-,-,...,...,16783,-,-,-,-,-,-,-,64750,361,...,...,-,...,-,4767,...,...,7964,...,...,21786,-,-,4098,1587,-,1895,-,-,-,507,621,-,-,-,4948,4156,3199,2120,-,-,...,...,16783,-,-,-,-,-,-,-,65539,361,...,...,-,...,-,4767,...,...,7964,...,...,21786,-,-,4098,1587,-,1871,-,-,-,507,622,-,-,-,4954,4156,3208,2120,-,-,...,...,16832,-,-,-,-,-,-,-,65547,361,...,...,-,...,-,4767,...,...,7966,...,...,22452,-,-,4098,1615,-,1871,-,-,-,507,622,-,-,-,4960,4156,3208,2120,-,-,...,...,16833,-,-,-,-,-,-,-,65553,361,...,...,-,...,-,4767,...,...,7966,...,...,22452,-,-,4098,1615,-,1871,-,-,-,507,622,-,-,-,4959,4156,3208,2120,-,-,...,...,16833,-,-,-,-,-,-,-,64296,361,...,...,-,...,-,4767,...,...,7971,...,...,22452,-,-,4098,1615,-,1871,-,-,-,507,622,-,-,-,4959,4156,3208,2120,-,-,...,...,16831,-,-,-,-,-,-,-,64290,365,...,...,-,...,-,4767,...,...,7971,...,...,22452,-,-,4098,1615,-,1871,-,-,-,507,622,-,-,-,4959,4156,3208,2120,-,-,...,...,16834,-,-,-,-,-,-,-,64289,366,...,...,-,...,-,4767,...,...,7975,...,...,22452,-,-,4098,1615,-,2007,-,-,-,509,621,-,-,-,5001,4140,3213,2120,-,-,...,...,16883,-,-,-,-,-,-,-,60763,366,...,...,-,...,-,4767,...,...,7978,...,...,22452,-,-,4098,1615,-,2040,-,-,-,509,623,-,-,-,5015,4140,3213,2120,-,-,...,...,17088,-,-,-,-,-,-,-,60763,366,...,...,-,...,-,4767,...,...,7972,...,...,22452,-
Piauí,-,4310,850,-,2022,-,-,-,457,642,-,-,-,4943,4915,3515,2106,-,-,...,...,20769,-,-,-,-,-,-,-,60049,371,...,...,-,...,-,8866,...,...,10758,...,...,33150,20000,-,4295,969,-,2134,-,-,-,489,638,-,-,-,5030,4729,3469,2108,-,-,...,...,20762,-,-,-,-,-,-,-,60047,377,...,...,-,...,-,8930,...,...,11551,...,...,32540,20000,-,4295,969,-,2134,-,-,-,489,638,-,-,-,5030,4729,3469,2108,-,-,...,...,20762,-,-,-,-,-,-,-,60047,377,...,...,-,...,-,8930,...,...,11551,...,...,32540,20000,-,4341,2295,-,2084,-,-,-,461,638,-,-,-,5011,4768,3496,2107,-,-,...,...,21371,-,-,-,-,-,-,-,60038,361,...,...,-,...,-,8907,...,...,11205,...,...,34310,20000,-,4341,2295,-,2084,-,-,-,461,638,-,-,-,5011,4768,3496,2107,-,-,...,...,21371,-,-,-,-,-,-,-,60038,361,...,...,-,...,-,8907,...,...,11205,...,...,34310,20000,-,4341,2295,-,2084,-,-,-,461,638,-,-,-,5011,4768,3496,2107,-,-,...,...,21371,-,-,-,-,-,-,-,60038,361,...,...,-,...,-,8907,...,...,11205,...,...,34310,20000,-,4435,1275,-,1915,-,-,-,280,784,-,-,-,4883,4662,3585,2276,-,-,...,...,21383,-,-,-,-,-,-,-,60052,363,...,...,-,...,-,8907,...,...,11057,...,...,32613,20000,-,4435,1275,-,1915,-,-,-,272,784,-,-,-,4865,4662,3585,2276,-,-,...,...,21383,-,-,-,-,-,-,-,60052,363,...,...,-,...,-,8907,...,...,11057,...,...,32613,20000,-,4435,1275,-,1915,-,-,-,272,784,-,-,-,4865,4662,3585,2276,-,-,...,...,21383,-,-,-,-,-,-,-,60052,363,...,...,-,...,-,8907,...,...,11057,...,...,32613,20000,-,4435,1275,-,1915,-,-,-,272,784,-,-,-,4865,4662,3585,2276,-,-,...,...,21383,-,-,-,-,-,-,-,60052,363,...,...,-,...,-,8907,...,...,11057,...,...,32613,20000,-,4460,804,-,1912,-,-,-,245,633,-,-,-,4631,4866,3585,2195,-,-,...,...,20835,-,-,-,-,-,-,-,65903,287,...,...,-,...,-,8928,...,...,10882,...,...,32343,20000,-,4460,804,-,1912,-,-,-,245,633,-,-,-,4631,4866,3585,2195,-,-,...,...,20835,-,-,-,-,-,-,-,65903,287,...,...,-,...,-,8928,...,...,10882,...,...,32343,20000
Ceará,-,1097,964,-,3217,-,-,-,240,895,-,-,245,670,0,3322,3238,-,-,...,...,12519,-,-,-,-,-,285,250,50616,247,...,...,712,...,-,7274,...,...,8609,...,...,61649,24000,-,1095,964,-,3217,-,-,-,240,895,-,-,245,670,0,3322,3238,-,-,...,...,12510,-,-,-,-,-,285,250,50620,248,...,...,712,...,-,7274,...,...,8610,...,...,61649,24000,-,1125,964,-,3058,-,-,-,248,914,-,-,245,683,0,3327,3238,-,-,...,...,12510,-,-,-,-,-,285,250,50620,248,...,...,712,...,-,7274,...,...,8528,...,...,61656,24606,-,1794,964,-,3058,-,-,-,279,1011,-,-,367,798,0,3327,3238,-,-,...,...,12539,-,-,-,-,-,285,250,50649,248,...,...,712,...,-,7274,...,...,8647,...,...,71606,24485,-,1793,975,-,3112,-,-,-,302,1011,-,-,376,859,0,3327,3238,-,-,...,...,12016,-,-,-,-,-,285,250,50656,248,...,...,712,...,-,7272,...,...,8654,...,...,71530,24528,-,1814,988,-,3279,-,-,-,300,1029,-,-,376,865,0,3327,3238,-,-,...,...,12036,-,-,-,-,-,304,250,54526,248,...,...,712,...,-,7271,...,...,9165,...,...,71902,24541,-,1215,1124,-,3463,-,-,-,255,1035,-,-,376,801,0,3462,3232,-,-,...,...,12118,-,-,-,-,-,305,250,61782,248,...,...,712,...,-,7273,...,...,10443,...,...,72141,24541,-,1250,1122,-,3452,-,-,-,221,946,-,-,267,714,5000,3873,3232,-,-,...,...,12280,-,-,-,-,-,305,250,62160,248,...,...,712,...,-,7267,...,...,10717,...,...,71989,24541,-,1663,1114,-,3511,-,-,-,196,944,-,-,267,630,5971,3876,3232,-,-,...,...,12312,-,-,-,-,-,372,464,62406,248,...,...,712,...,-,7253,...,...,10755,...,...,72418,23757,-,1658,1100,-,3478,-,-,-,190,1051,-,-,267,629,5971,3876,3232,-,-,...,...,12238,-,-,-,-,-,372,464,62975,248,...,...,712,...,-,7247,...,...,10779,...,...,72417,24946,-,1701,1100,-,3470,-,-,-,183,1050,-,-,257,616,5971,3876,3223,-,-,...,...,12485,-,-,-,-,-,377,464,63393,254,...,...,712,...,-,8724,...,...,10775,...,...,72230,24946,-,1692,1092,1500,3512,-,-,-,178,962,-,-,257,598,7757,3866,3223,-,-,...,...,11816,-,-,-,-,-,375,464,63783,226,...,...,682,...,-,8639,...,...,10846,...,...,72474,24946
Rio Grande do Norte,-,3410,-,-,3616,-,-,-,425,1020,-,-,-,574,-,-,935,-,-,...,...,28168,-,-,-,-,-,-,-,60517,338,...,...,-,...,-,9814,...,...,10381,...,...,29927,-,-,3410,-,-,3616,-,-,-,425,1020,-,-,-,574,-,-,935,-,-,...,...,28168,-,-,-,-,-,-,-,60517,338,...,...,-,...,-,9814,...,...,10381,...,...,29927,-,-,3410,-,-,3616,-,-,-,425,1020,-,-,-,574,-,-,935,-,-,...,...,28168,-,-,-,-,-,-,-,60517,338,...,...,-,...,-,9814,...,...,10381,...,...,29927,-,-,3410,-,-,3616,-,-,-,425,1020,-,-,-,574,-,-,935,-,-,...,...,28168,-,-,-,-,-,-,-,60517,338,...,...,-,...,-,9814,...,...,10381,...,...,29927,-,-,2688,-,-,3125,-,-,-,433,1060,-,-,-,702,-,-,853,-,-,...,...,23933,-,-,-,-,-,-,-,51755,347,...,...,-,...,-,8680,...,...,10377,...,...,30028,-,-,2688,-,-,3125,-,-,-,433,1060,-,-,-,702,-,-,853,-,-,...,...,23933,-,-,-,-,-,-,-,51755,347,...,...,-,...,-,8680,...,...,10377,...,...,30028,-,-,5161,-,-,2850,-,-,-,371,1200,-,-,-,641,-,-,853,-,-,...,...,25524,-,-,-,-,-,-,-,59227,384,...,...,-,...,-,8360,...,...,10002,...,...,29908,-,-,4556,-,-,2868,-,-,-,365,1200,-,-,-,621,-,-,853,-,-,...,...,25522,-,-,-,-,-,-,-,59227,384,...,...,-,...,-,8360,...,...,10030,...,...,30276,-,-,4614,-,-,2868,-,-,-,344,1200,-,-,-,619,-,-,853,-,-,...,...,25731,-,-,-,-,-,-,-,61112,401,...,...,-,...,-,8360,...,...,9554,...,...,30194,-,-,4362,-,-,2889,-,-,-,337,1200,-,-,-,610,-,-,853,-,-,...,...,25516,-,-,-,-,-,-,-,55511,399,...,...,-,...,-,6967,...,...,9565,...,...,30194,-,-,4587,-,-,2544,-,-,-,310,1200,-,-,-,562,-,-,853,-,-,...,...,23969,-,-,-,-,-,-,-,53452,429,...,...,-,...,-,6967,...,...,9758,...,...,30259,-,-,4576,-,-,2412,-,-,-,308,1200,-,-,-,559,-,-,853,-,-,...,...,24389,-,-,-,-,-,-,-,44305,440,...,...,-,...,-,9467,...,...,10550,...,...,30259,-
Paraíba,-,1626,-,1000,1588,-,-,-,590,599,-,-,-,1123,-,-,-,-,-,...,...,13896,-,-,-,-,-,-,-,53809,246,...,...,-,...,-,6921,...,...,9406,...,...,30338,20000,-,1626,-,1000,1588,-,-,-,590,599,-,-,-,1123,-,-,-,-,-,...,...,13896,-,-,-,-,-,-,-,53809,246,...,...,-,...,-,6921,...,...,9406,...,...,30338,20000,-,1626,-,1000,1588,-,-,-,590,599,-,-,-,1123,-,-,-,-,-,...,...,13896,-,-,-,-,-,-,-,53809,246,...,...,-,...,-,6921,...,...,9406,...,...,30338,20000,-,1373,-,1217,1564,-,-,-,534,593,-,-,-,1062,-,-,-,-,-,...,...,13968,-,-,-,-,-,-,-,55545,256,...,...,-,...,-,6930,...,...,10215,...,...,29269,20000,-,1373,-,1217,1564,-,-,-,534,593,-,-,-,1062,-,-,-,-,-,...,...,13968,-,-,-,-,-,-,-,55545,256,...,...,-,...,-,6930,...,...,10215,...,...,29269,20000,-,1373,-,1217,1564,-,-,-,534,593,-,-,-,1062,-,-,-,-,-,...,...,13968,-,-,-,-,-,-,-,55545,256,...,...,-,...,-,6930,...,...,10215,...,...,29269,20000,-,1373,-,1217,1564,-,-,-,534,593,-,-,-,1062,-,-,-,-,-,...,...,13968,-,-,-,-,-,-,-,55545,256,...,...,-,...,-,6930,...,...,10215,...,...,29269,20000,-,1449,-,1211,1228,-,-,-,292,403,-,-,-,594,-,-,-,-,-,...,...,13960,-,-,-,-,-,-,-,55539,255,...,...,-,...,-,6908,...,...,10265,...,...,29233,20000,-,1449,-,1211,1228,-,-,-,292,403,-,-,-,594,-,-,-,-,-,...,...,13960,-,-,-,-,-,-,-,55539,255,...,...,-,...,-,6908,...,...,10265,...,...,29233,20000,-,1449,-,1211,1228,-,-,-,292,403,-,-,-,594,-,-,-,-,-,...,...,13960,-,-,-,-,-,-,-,55539,255,...,...,-,...,-,6908,...,...,10265,...,...,29233,20000,-,1245,-,1074,1051,-,-,-,225,257,-,-,-,469,-,-,-,-,-,...,...,13971,-,-,-,-,-,-,-,57338,245,...,...,-,...,-,6844,...,...,10253,...,...,29863,20000,-,1245,-,1074,1051,-,-,-,225,257,-,-,-,469,-,-,-,-,-,...,...,13971,-,-,-,-,-,-,-,57338,245,...,...,-,...,-,6844,...,...,10253,...,...,29863,20000
Pernambuco,-,739,1969,1100,5993,-,-,-,304,578,-,-,521,516,659,-,669,-,-,...,...,10844,-,-,-,-,-,426,-,54577,1408,...,...,0,...,-,5631,...,...,10289,...,...,43154,48949,-,739,1969,1100,5993,-,-,-,304,578,-,-,521,516,659,-,669,-,-,...,...,10844,-,-,-,-,-,426,-,54577,1408,...,...,0,...,-,5631,...,...,10289,...,...,43154,48949,-,739,1969,1100,5993,-,-,-,304,578,-,-,521,516,659,-,669,-,-,...,...,10844,-,-,-,-,-,426,-,54577,1408,...,...,0,...,-,5631,...,...,10289,...,...,43154,48949,-,739,1969,1100,5993,-,-,-,304,578,-,-,521,516,659,-,669,-,-,...,...,10844,-,-,-,-,-,426,-,54577,1408,...,...,0,...,-,5631,...,...,10289,...,...,43154,48949,-,739,1969,1100,5993,-,-,-,304,578,-,-,521,516,659,-,669,-,-,...,...,10844,-,-,-,-,-,426,-,54577,1408,...,...,0,...,-,5631,...,...,10289,...,...,43154,48949,-,739,1969,1100,5993,-,-,-,304,578,-,-,521,516,659,-,669,-,-,...,...,10844,-,-,-,-,-,426,-,54577,1408,...,...,0,...,-,5631,...,...,10289,...,...,43154,48949,-,739,1969,1100,5993,-,-,-,304,578,-,-,521,516,659,-,669,-,-,...,...,10844,-,-,-,-,-,426,-,54577,1408,...,...,0,...,-,5631,...,...,10289,...,...,43154,48949,-,739,1969,1100,5993,-,-,-,304,578,-,-,521,516,659,-,669,-,-,...,...,10844,-,-,-,-,-,426,-,54577,1408,...,...,0,...,-,5631,...,...,10289,...,...,43154,48949,-,739,1969,1100,5993,-,-,-,304,578,-,-,521,516,659,-,669,-,-,...,...,10844,-,-,-,-,-,426,-,54577,1408,...,...,0,...,-,5631,...,...,10289,...,...,43154,48949,-,739,1969,1100,5993,-,-,-,304,578,-,-,521,516,659,-,669,-,-,...,...,10844,-,-,-,-,-,426,-,54577,1408,...,...,0,...,-,5631,...,...,10289,...,...,43154,48949,-,442,1500,1529,3000,-,-,-,224,588,-,-,504,480,747,-,3000,-,-,...,...,10622,-,-,-,-,-,270,-,59156,1400,...,...,0,...,-,5646,...,...,10645,...,...,45132,48921,-,349,1500,1529,3000,-,-,-,215,534,-,-,722,537,554,-,3000,-,-,...,...,10743,-,-,-,-,-,258,-,61768,1407,...,...,-,...,-,10145,...,...,11090,...,...,53918,48921
Alagoas,-,2100,2058,2041,6959,-,-,-,-,763,-,-,-,-,2190,3518,-,-,-,...,...,12408,-,-,-,-,-,-,-,61568,641,...,...,1326,...,-,12700,...,...,13681,...,...,42478,-,-,2100,2058,2041,6959,-,-,-,-,763,-,-,-,-,2190,3518,-,-,-,...,...,12408,-,-,-,-,-,-,-,61568,641,...,...,1326,...,-,12700,...,...,13681,...,...,42478,-,-,2100,2058,2041,6959,-,-,-,-,763,-,-,-,-,2190,3518,-,-,-,...,...,12408,-,-,-,-,-,-,-,61568,641,...,...,1326,...,-,12700,...,...,13681,...,...,42478,-,-,2100,2058,2041,6959,-,-,-,-,763,-,-,-,-,2190,3518,-,-,-,...,...,12408,-,-,-,-,-,-,-,61568,641,...,...,1326,...,-,12700,...,...,13681,...,...,42478,-,-,1750,2000,2143,6951,-,-,-,-,811,-,-,-,-,2508,3124,-,-,-,...,...,11844,-,-,-,-,-,-,-,62377,965,...,...,1347,...,-,10820,...,...,14653,...,...,49299,-,-,3276,2000,2143,6951,-,-,-,-,757,-,-,-,-,2508,3223,-,-,-,...,...,11844,-,-,-,-,-,-,-,62377,965,...,...,1347,...,-,10800,...,...,14512,...,...,49299,-,-,605,2000,2145,6949,-,-,-,-,747,-,-,-,-,2685,2970,2000,-,-,...,...,11719,-,-,-,-,-,-,-,62377,965,...,...,1288,...,-,11308,...,...,13877,...,...,46781,-,-,605,2000,2145,6949,-,-,-,-,713,-,-,-,-,2685,2970,2000,-,-,...,...,11719,-,-,-,-,-,-,-,62377,965,...,...,1288,...,-,11308,...,...,13877,...,...,46781,-,-,643,2000,2084,6999,-,-,-,-,694,-,-,-,-,2892,3282,2000,-,-,...,...,11699,-,-,-,-,-,-,-,62377,965,...,...,1297,...,-,11338,...,...,13395,...,...,44511,-,-,643,2000,2084,6999,-,-,-,-,694,-,-,-,-,2892,3282,2000,-,-,...,...,11699,-,-,-,-,-,-,-,62377,965,...,...,1297,...,-,11338,...,...,13395,...,...,44511,-,-,800,2000,2128,7660,-,-,-,-,623,-,-,-,-,2234,3258,-,-,-,...,...,11396,-,-,-,-,-,-,-,62308,1070,...,...,1476,...,-,11256,...,...,15085,...,...,44858,-,-,800,2000,2128,7660,-,-,-,-,623,-,-,-,-,2234,3258,-,-,-,...,...,11396,-,-,-,-,-,-,-,62308,1070,...,...,1476,...,-,11256,...,...,15085,...,...,44858,-
Sergipe,-,-,-,1423,7512,-,-,-,-,654,-,-,-,-,4663,-,-,-,-,...,...,-,-,-,-,-,-,-,-,51675,-,...,...,-,...,-,11545,...,...,14339,...,...,-,-,-,-,-,1423,7512,-,-,-,-,654,-,-,-,-,4663,-,-,-,-,...,...,-,-,-,-,-,-,-,-,51675,-,...,...,-,...,-,11545,...,...,14339,...,...,-,-,-,-,-,1423,7512,-,-,-,-,654,-,-,-,-,4663,-,-,-,-,...,...,-,-,-,-,-,-,-,-,51675,-,...,...,-,...,-,11545,...,...,14339,...,...,-,-,-,-,-,1423,7512,-,-,-,-,654,-,-,-,-,4663,-,-,-,-,...,...,-,-,-,-,-,-,-,-,51675,-,...,...,-,...,-,11545,...,...,14339,...,...,-,-,-,-,-,1423,7512,-,-,-,-,654,-,-,-,-,4663,-,-,-,-,...,...,-,-,-,-,-,-,-,-,51675,-,...,...,-,...,-,11545,...,...,14339,...,...,-,-,-,-,-,1423,7512,-,-,-,-,654,-,-,-,-,4663,-,-,-,-,...,...,-,-,-,-,-,-,-,-,51675,-,...,...,-,...,-,11545,...,...,14339,...,...,-,-,-,-,-,1423,7512,-,-,-,-,654,-,-,-,-,4663,-,-,-,-,...,...,-,-,-,-,-,-,-,-,51675,-,...,...,-,...,-,11545,...,...,14339,...,...,-,-,-,-,-,1423,7455,-,-,-,-,520,-,-,-,-,5400,-,-,-,-,...,...,-,-,-,-,-,-,-,-,55389,-,...,...,-,...,-,12326,...,...,14339,...,...,-,-,-,-,-,2003,7970,-,-,-,-,520,-,-,-,-,5483,-,-,-,-,...,...,-,-,-,-,-,-,-,-,55399,-,...,...,-,...,-,12344,...,...,13597,...,...,-,-,-,-,-,2003,7970,-,-,-,-,520,-,-,-,-,5483,-,-,-,-,...,...,-,-,-,-,-,-,-,-,55399,-,...,...,-,...,-,12344,...,...,13597,...,...,-,-,-,-,-,2003,7970,-,-,-,-,520,-,-,-,-,5483,-,-,-,-,...,...,-,-,-,-,-,-,-,-,55399,-,...,...,-,...,-,12344,...,...,13597,...,...,-,-,-,-,-,2003,7970,-,-,-,-,520,-,-,-,-,5483,-,-,-,-,...,...,-,-,-,-,-,-,-,-,55399,-,...,...,-,...,-,12344,...,...,13597,...,...,-,-
Bahia,-,4597,999,975,1667,-,-,-,632,501,-,-,689,4921,2003,3875,1259,5852,-,...,...,14167,41509,41509,42176,288,-,1069,3054,68371,197,...,...,1259,...,-,12686,...,...,8609,...,...,42360,35075,-,4597,999,975,1667,-,-,-,632,501,-,-,689,4921,2003,3875,1259,5852,-,...,...,14167,41509,41509,42176,288,-,1069,3054,68371,197,...,...,1259,...,-,12686,...,...,8609,...,...,42360,35075,-,4597,999,975,1667,-,-,-,632,501,-,-,689,4921,2003,3875,1259,5852,-,...,...,14167,41509,41509,42176,288,-,1069,3054,68371,197,...,...,1259,...,-,12686,...,...,8609,...,...,42360,35075,-,4597,999,975,1667,-,-,-,632,501,-,-,689,4921,2003,3875,1259,5852,-,...,...,14167,41509,41509,42176,288,-,1069,3054,68371,197,...,...,1259,...,-,12686,...,...,8609,...,...,42360,35075,-,4597,999,975,1667,-,-,-,632,501,-,-,689,4921,2003,3875,1259,5852,-,...,...,14167,41509,41509,42176,288,-,1069,3054,68371,197,...,...,1259,...,-,12686,...,...,8609,...,...,42360,35075,-,4597,999,975,1667,-,-,-,632,501,-,-,689,4921,2003,3875,1259,5852,-,...,...,14167,41509,41509,42176,288,-,1069,3054,68371,197,...,...,1259,...,-,12686,...,...,8609,...,...,42360,35075,-,4797,999,975,1667,-,-,-,632,501,-,-,689,5490,2760,3972,1259,5852,-,...,...,14167,41509,41509,42176,288,-,1069,3054,68371,197,...,...,1259,...,-,12686,...,...,8609,...,...,42360,35075,-,4797,999,975,1667,-,-,-,632,501,-,-,689,5490,2760,3972,1259,5852,-,...,...,14167,41509,41509,42176,285,-,1403,2909,68371,197,...,...,1259,...,-,12686,...,...,8609,...,...,42360,35075,-,4797,999,975,1667,-,-,-,632,501,-,-,689,5490,2760,3972,1259,5852,-,...,...,14167,41509,41509,42176,285,-,1403,2909,68371,197,...,...,1259,...,-,12686,...,...,8609,...,...,42360,35075,-,4784,999,975,1667,-,-,-,632,501,-,-,689,5490,2760,3972,1259,5852,-,...,...,14167,41509,41509,42176,285,-,1403,2909,68371,197,...,...,1259,...,-,12686,...,...,8609,...,...,42360,35075,-,4784,999,975,1667,-,-,-,632,501,-,-,689,5490,2760,3972,1259,5852,-,...,...,14167,41509,41509,42176,273,-,1291,3040,68371,197,...,...,1259,...,-,12686,...,...,8609,...,...,42360,35075,-,4784,999,975,1667,-,-,-,632,501,-,-,689,5490,2760,3972,1259,5852,-,...,...,14167,41509,41509,42176,273,-,1291,3040,68371,197,...,...,1259,...,-,12686,...,...,8609,...,...,42360,35075
Minas Gerais,-,4194,3004,-,3425,1573,-,-,1403,1495,2753,1689,-,7030,5350,3695,3369,3125,-,...,...,16994,31909,35878,39525,-,-,1553,2017,76975,-,...,...,-,...,-,26786,...,...,14020,...,...,74440,14916,-,4194,3004,-,3425,1573,-,-,1403,1495,2753,1689,-,7030,5350,3695,3369,3125,-,...,...,16994,31909,35878,39525,-,-,1553,2017,76975,-,...,...,-,...,-,26786,...,...,14020,...,...,74440,14916,-,4194,3004,-,3425,1573,-,-,1403,1495,2753,1689,-,7030,5350,3695,3369,3125,-,...,...,16994,31909,35878,39525,-,-,1553,2017,76975,-,...,...,-,...,-,26786,...,...,14020,...,...,74440,14916,-,4398,4112,-,3487,1573,-,-,1469,1498,2753,1689,-,7263,5427,3755,3447,3125,-,...,...,16994,31909,35878,39525,-,-,1553,2017,76975,-,...,...,-,...,-,26786,...,...,14020,...,...,74440,14916,-,4398,4112,-,3487,1573,-,-,1469,1498,2753,1689,-,7263,5414,3755,3435,3205,-,...,...,16994,31909,35878,39525,-,-,1581,2026,76975,-,...,...,-,...,-,26786,...,...,14020,...,...,75133,14916,-,4391,4112,-,3215,1563,-,-,1477,1500,2662,1689,-,7164,5414,3754,3435,3205,-,...,...,16994,32137,35962,39547,-,-,1589,2320,77275,-,...,...,-,...,-,27390,...,...,14051,...,...,75133,14916,-,4391,4112,-,3215,1563,-,-,1507,1483,2623,2039,-,7164,5413,3754,3449,3205,-,...,...,17621,34535,35416,39056,-,-,1589,2320,77255,-,...,...,-,...,-,28158,...,...,14051,...,...,74149,15323,-,4350,3447,-,3227,1563,-,-,1517,1603,3030,1728,-,7381,5820,3820,3934,3271,-,...,...,17621,34535,35421,39056,-,-,1567,2403,77885,-,...,...,-,...,-,28129,...,...,14051,...,...,74149,15323,-,4348,3448,-,3229,1611,-,-,1517,1603,3029,1728,-,7451,5846,3820,3932,3271,-,...,...,17626,34535,35421,39056,-,-,1585,2349,77996,-,...,...,-,...,-,28129,...,...,14093,...,...,74156,15324,-,4348,3448,-,3229,1611,-,-,1517,1603,3030,1728,-,7451,5838,3820,3932,3271,-,...,...,17624,34535,35421,39056,-,-,1585,2349,78002,-,...,...,-,...,-,28128,...,...,14301,...,...,74263,15324,-,4338,3448,-,3229,1611,-,-,1517,1603,3030,1680,-,7451,5838,3820,3932,3271,-,...,...,17461,34535,35421,37510,-,-,1585,2349,78002,-,...,...,-,...,-,28197,...,...,14342,...,...,73116,15389,-,4338,3393,-,3229,1488,-,-,1517,1603,3030,1680,-,7451,5838,3820,3932,3271,-,...,...,16951,34535,35439,37509,-,-,1615,2352,78002,-,...,...,-,...,-,28132,...,...,14482,...,...,75058,15179
Espírito Santo,-,-,-,-,3802,-,-,-,1185,882,1349,-,-,3179,5006,-,-,-,-,...,...,14195,23414,26333,-,670,-,1380,2348,60336,-,...,...,-,...,-,13271,...,...,16892,...,...,61493,15732,-,-,-,-,3802,-,-,-,1185,882,1349,-,-,3179,5006,-,-,-,-,...,...,14195,23414,26333,-,670,-,1380,2348,60336,-,...,...,-,...,-,13271,...,...,16892,...,...,61493,15732,-,-,-,-,3943,-,-,-,1190,902,1373,-,-,3245,5012,-,-,-,-,...,...,14242,23776,26333,-,671,-,1335,2394,58248,-,...,...,-,...,-,13417,...,...,16883,...,...,61430,15429,-,-,-,1000,3943,-,-,-,1190,902,1571,-,-,3245,5012,-,-,-,-,...,...,14242,23776,26333,-,671,-,1335,2394,58248,-,...,...,-,...,-,13417,...,...,16883,...,...,64572,15429,-,-,-,1000,3943,-,-,-,1190,902,1571,-,-,3245,5012,-,-,-,-,...,...,14242,23776,26333,-,671,-,1335,2394,58248,-,...,...,-,...,-,13417,...,...,16883,...,...,64572,15429,-,-,-,1000,4040,-,-,-,1214,917,1571,-,-,3325,5337,-,-,-,-,...,...,14281,23776,26333,-,770,-,1243,2261,58248,-,...,...,-,...,-,13406,...,...,16880,...,...,64652,15581,-,-,-,1000,4040,-,-,-,1214,917,1571,-,-,3325,5337,-,-,-,-,...,...,14281,23776,26333,-,770,-,1243,2261,58248,-,...,...,-,...,-,13406,...,...,16880,...,...,64652,15581,-,-,-,1000,4040,-,-,-,1214,917,1571,-,-,3325,5337,-,-,-,-,...,...,14281,23776,26333,-,770,-,1243,2261,58248,-,...,...,-,...,-,13406,...,...,16880,...,...,64652,15581,-,-,-,1000,4040,-,-,-,1214,907,1516,-,-,3322,5306,-,-,-,-,...,...,14280,24285,26333,-,771,-,1238,2296,58248,-,...,...,-,...,-,13403,...,...,16880,...,...,64768,15581,-,-,-,1000,4040,-,-,-,1214,907,1516,-,-,3322,5306,-,-,-,-,...,...,14280,24285,26333,-,771,-,1238,2296,58248,-,...,...,-,...,-,13403,...,...,16880,...,...,64768,15581,-,-,-,1000,4040,-,-,-,1219,915,1516,-,-,3345,5206,-,-,-,-,...,...,14302,24285,26333,-,771,-,1238,2294,58249,-,...,...,-,...,-,13403,...,...,17018,...,...,64751,15581,-,-,-,1000,4040,-,-,-,1219,913,1516,-,-,3345,5206,-,-,-,-,...,...,14321,24285,26333,-,773,-,1246,2316,58244,-,...,...,-,...,-,13447,...,...,16963,...,...,64755,15718
Rio de Janeiro,-,-,-,-,2760,-,-,-,1196,1448,-,-,-,3975,5896,-,-,-,-,...,...,8342,-,-,-,-,-,1730,-,45006,-,...,...,-,...,-,13199,...,...,13382,...,...,66037,4706,-,-,-,-,2760,-,-,-,1196,1448,-,-,-,3975,5896,-,-,-,-,...,...,8342,-,-,-,-,-,1730,-,45006,-,...,...,-,...,-,13199,...,...,13382,...,...,66037,4706,-,-,-,-,2760,-,-,-,1196,1448,-,-,-,3975,5896,-,-,-,-,...,...,8342,-,-,-,-,-,1730,-,45006,-,...,...,-,...,-,13199,...,...,13382,...,...,66037,4706,-,-,-,-,2760,-,-,-,1574,1510,-,-,-,4270,5896,-,-,-,-,...,...,7969,-,-,-,-,-,1731,-,45057,-,...,...,-,...,-,13259,...,...,13337,...,...,66038,4706,-,-,-,-,2760,-,-,-,1574,1510,-,-,-,4270,5896,-,-,-,-,...,...,7969,-,-,-,-,-,1731,-,45057,-,...,...,-,...,-,13259,...,...,13337,...,...,66038,4706,-,-,-,-,2777,-,-,-,1176,1898,-,-,-,4183,5899,-,-,-,-,...,...,7890,-,-,-,-,-,1731,-,45051,-,...,...,-,...,-,13656,...,...,13372,...,...,66054,4706,-,-,-,-,2777,-,-,-,1178,1882,-,-,-,4226,5899,-,-,-,-,...,...,7894,-,-,-,-,-,1731,-,45050,-,...,...,-,...,-,13633,...,...,13383,...,...,66055,4706,-,-,-,-,2777,-,-,-,1178,1892,-,-,-,4220,5901,-,-,-,-,...,...,7826,-,-,-,-,-,1913,-,44974,-,...,...,-,...,-,13633,...,...,13385,...,...,65136,4706,-,-,-,-,2777,-,-,-,1182,1895,-,-,-,4220,5899,-,-,-,-,...,...,7826,-,-,-,-,-,1846,-,44796,-,...,...,-,...,-,13557,...,...,13390,...,...,65315,4706,-,-,-,-,2777,-,-,-,1176,1908,-,-,-,4318,5899,-,-,-,-,...,...,7825,-,-,-,-,-,1846,-,44797,-,...,...,-,...,-,13566,...,...,13370,...,...,65243,4706,-,-,-,-,2777,-,-,-,1176,1908,-,-,-,4318,5899,-,-,-,-,...,...,7825,-,-,-,-,-,1846,-,44797,-,...,...,-,...,-,13566,...,...,13370,...,...,65243,4706,-,-,-,-,2780,-,-,-,1193,2216,-,-,-,4654,7156,-,-,-,-,...,...,8088,-,-,-,-,-,1856,-,44853,-,...,...,-,...,-,13506,...,...,16175,...,...,64480,2371
São Paulo,-,3462,3976,3410,4436,2164,-,5818,2384,2515,2974,1693,-,6632,5015,3536,3207,2934,2767,...,...,21162,32269,30279,33544,-,-,1483,11463,73200,-,...,...,692,...,-,35221,...,...,22611,...,...,78254,19445,-,3462,3976,3410,4436,2164,-,5818,2384,2515,2974,1693,-,6632,5015,3536,3207,2934,2767,...,...,21162,32269,30279,33544,-,-,1483,11463,73200,-,...,...,692,...,-,35221,...,...,22611,...,...,78254,19445,-,3462,3976,3410,4436,2164,-,5818,2384,2515,2974,1693,-,6632,5015,3536,3207,2934,2767,...,...,21162,32269,30279,33544,-,-,1483,11463,73200,-,...,...,692,...,-,35221,...,...,22611,...,...,78254,19445,-,3417,3768,3280,6190,2164,-,5818,2366,2496,2980,1533,-,6861,5068,3601,3218,2936,2771,...,...,21311,31729,30279,33544,-,-,1510,1513,78000,-,...,...,692,...,-,29211,...,...,22611,...,...,78254,19446,-,3417,3768,3280,6190,2164,-,5818,2366,2496,2980,1533,-,6861,5068,3601,3218,2936,2771,...,...,21311,31729,30279,33544,-,-,1510,1513,78000,-,...,...,692,...,-,29211,...,...,22611,...,...,78254,19446,-,3417,3768,3280,6190,2164,-,5818,2366,2496,2980,1533,-,6861,5068,3601,3218,2936,2771,...,...,21311,31729,30279,33544,-,-,1510,1513,78000,-,...,...,692,...,-,29211,...,...,22611,...,...,78254,19446,-,3417,3768,3280,6190,2164,-,5818,2366,2496,2980,1533,-,6861,5068,3601,3218,2936,2771,...,...,21311,31729,30279,33544,-,-,1510,1513,78000,-,...,...,692,...,-,29211,...,...,22611,...,...,78254,19446,-,3417,3768,3280,6190,2164,-,5818,2366,2496,2980,1533,-,6861,5068,3601,3218,2936,2771,...,...,21311,31729,30279,33544,-,-,1510,1513,78000,-,...,...,692,...,-,29211,...,...,22611,...,...,78254,19446,-,3414,3752,2824,6443,2141,-,5422,2363,2546,2977,1603,-,6644,5129,3673,3207,2936,2576,...,...,21341,28578,31574,33544,-,-,1630,1563,84000,-,...,...,692,...,-,31619,...,...,25967,...,...,86837,19431,-,3414,3752,2824,6443,2141,-,5422,2363,2546,2977,1603,-,6644,5129,3673,3207,2936,2576,...,...,21341,28578,31574,33544,-,-,1630,1563,84000,-,...,...,692,...,-,31619,...,...,25967,...,...,86837,19431,-,3414,3752,2824,6443,2141,-,5422,2363,2546,2977,1603,-,6644,5129,3673,3207,2936,2576,...,...,21341,28578,31574,33544,-,-,1630,1563,84000,-,...,...,692,...,-,31619,...,...,25967,...,...,86837,19431,-,3507,3879,3108,6443,2014,-,5156,2442,2756,2968,1604,-,6644,5164,3787,3447,3240,2524,...,...,21405,28578,31574,33481,-,-,1630,1563,85709,-,...,...,692,...,-,31619,...,...,25967,...,...,86837,19452
Paraná,-,-,3743,-,7469,2238,1947,4005,1689,1980,1500,0,-,9549,5833,3604,-,2829,3117,...,...,23229,31260,28514,-,-,-,1607,-,66218,-,...,...,2342,...,-,35757,...,...,22869,...,...,62181,14228,-,-,4228,-,7469,2238,1947,4005,1681,1985,1500,0,-,9564,5834,3625,-,2829,3117,...,...,23229,31013,29971,-,-,-,1607,-,62825,-,...,...,2363,...,-,35757,...,...,22869,...,...,59950,14228,-,-,4228,-,7490,2320,2353,4624,1717,1990,1333,0,-,9708,5840,3838,-,3303,3276,...,...,23229,31314,29912,-,-,-,1603,-,62048,-,...,...,2383,...,-,35757,...,...,23089,...,...,61538,14228,-,-,4228,-,7495,2327,2371,4598,1719,1994,2111,0,-,9832,5850,3872,-,3294,3242,...,...,23229,31327,31046,-,-,-,1603,-,64958,-,...,...,2383,...,-,35757,...,...,23564,...,...,61275,14228,-,-,4228,-,7633,2343,2379,4613,1718,1851,2111,0,-,9934,5823,3854,-,3294,3252,...,...,23229,31327,31046,-,-,-,1623,-,65465,-,...,...,2383,...,-,35757,...,...,23783,...,...,60225,14228,-,-,4228,-,7633,2343,2379,4613,1718,1851,2111,0,-,9934,5823,3854,-,3294,3252,...,...,23229,31327,31046,-,-,-,1623,-,65465,-,...,...,2383,...,-,35757,...,...,23783,...,...,60225,14228,-,-,4156,-,7643,2303,2333,4568,1717,1719,1875,0,-,9924,5785,3864,-,3278,3265,...,...,23229,31327,29691,-,-,-,1605,-,67664,-,...,...,2383,...,-,35757,...,...,24177,...,...,59625,14228,-,-,3751,-,7642,2256,2385,4561,1717,1616,1778,0,-,9989,5888,3860,-,3187,3239,...,...,23229,31327,29658,-,-,-,1597,-,68807,-,...,...,2383,...,-,35757,...,...,24097,...,...,59700,14228,-,-,3751,-,7583,2145,2385,4553,1717,1622,1750,0,-,9983,5918,3859,-,2951,3274,...,...,23229,31755,29821,-,-,-,1643,-,69501,-,...,...,2383,...,-,35757,...,...,24053,...,...,63083,14228,-,-,3751,-,7583,2066,2320,4108,1717,1622,1333,0,-,9980,5882,3856,-,2729,3077,...,...,23229,31755,29884,-,-,-,1671,-,69919,-,...,...,2383,...,-,35757,...,...,24611,...,...,59700,14228,-,-,3727,-,7534,2274,2200,3184,1717,1630,1333,0,-,9980,5883,3860,-,2588,2684,...,...,23229,31755,29866,-,-,-,1678,-,70205,-,...,...,2390,...,-,35757,...,...,25574,...,...,59725,14228,-,-,3727,-,7583,2066,1920,3185,1717,1630,1333,0,-,9977,5957,3849,-,2558,2724,...,...,23229,31755,29866,-,-,-,1691,-,69988,-,...,...,2390,...,-,35757,...,...,25150,...,...,59725,14228
Santa Catarina,-,-,3000,-,7997,1172,-,3967,1929,1537,-,-,-,7700,-,3496,-,3144,2620,...,...,24130,26687,20172,-,-,-,-,-,48201,-,...,...,2189,...,-,16517,...,...,20154,...,...,64698,14986,-,-,3000,-,7997,1172,-,3967,1929,1537,-,-,-,7700,-,3496,-,3144,2620,...,...,24130,26687,20172,-,-,-,-,-,48201,-,...,...,2189,...,-,16517,...,...,20154,...,...,64698,14986,-,-,3000,-,7997,1172,-,3967,1929,1537,-,-,-,7700,-,3496,-,3144,2620,...,...,24130,26687,20172,-,-,-,-,-,48201,-,...,...,2189,...,-,16517,...,...,20154,...,...,64698,14986,-,-,3000,-,8157,1566,-,3967,2031,1885,-,-,-,7927,-,3735,-,3263,2620,...,...,24130,27355,20116,-,-,-,-,-,48201,-,...,...,2255,...,-,16517,...,...,21960,...,...,64698,14986,-,-,3000,-,8157,1566,-,3967,2031,1885,-,-,-,7927,-,3735,-,3263,2620,...,...,24130,27355,20116,-,-,-,-,-,48201,-,...,...,2255,...,-,16517,...,...,21960,...,...,64698,14986,-,-,3000,-,8157,1566,-,3967,2031,1885,-,-,-,7927,-,3735,-,3263,2620,...,...,24130,27355,20116,-,-,-,-,-,48201,-,...,...,2255,...,-,16517,...,...,21960,...,...,64698,14986,-,-,3000,-,8157,1566,-,3967,2031,1885,-,-,-,7927,-,3735,-,3263,2620,...,...,24130,27355,20116,-,-,-,-,-,48201,-,...,...,2255,...,-,16517,...,...,21960,...,...,64698,14986,-,-,2625,-,8515,1735,-,1291,2101,1805,-,-,-,7998,5091,3831,-,3212,2400,...,...,24881,27350,20192,-,-,-,-,-,50416,-,...,...,2334,...,-,17588,...,...,20566,...,...,67354,14719,-,-,2625,-,8515,1735,-,1291,2101,1805,-,-,-,7998,5091,3831,-,3212,2480,...,...,24881,27350,20192,-,-,-,-,-,50416,-,...,...,2334,...,-,17588,...,...,20566,...,...,67354,14719,-,-,2625,-,8515,1735,-,1291,2101,1805,-,-,-,7998,5091,3831,-,3212,2480,...,...,24881,27350,20192,-,-,-,-,-,50416,-,...,...,2334,...,-,17588,...,...,20566,...,...,67354,14719,-,-,2625,-,8515,1312,-,3774,2101,1805,-,-,-,7998,5091,3831,-,2799,2408,...,...,24299,25710,18255,-,-,-,-,-,51793,-,...,...,2312,...,-,16884,...,...,20745,...,...,67101,14711,-,-,2625,-,8515,1361,-,3774,2101,1805,-,-,-,7998,5091,3831,-,2801,2408,...,...,24299,25710,18255,-,-,-,-,-,51793,-,...,...,2312,...,-,16884,...,...,20745,...,...,67101,14711
Rio Grande do Sul,-,-,1859,-,8189,2275,1506,2853,1643,1534,-,1843,-,6935,-,3207,2566,2786,2399,...,...,11374,29004,22607,-,-,-,-,-,41521,-,...,...,2128,...,-,16135,...,...,17894,...,...,51242,19432,-,-,1843,-,8087,2197,1379,2878,1569,1569,-,1838,-,6058,-,2758,2600,2778,2845,...,...,11735,28392,22294,-,-,-,-,-,40622,-,...,...,2052,...,-,16709,...,...,17435,...,...,50985,19223,-,-,1728,-,7983,2197,1379,2878,1438,1526,-,1502,-,5042,-,2227,3123,2778,2845,...,...,11716,28950,22419,-,-,-,-,-,38505,-,...,...,1961,...,-,16039,...,...,17274,...,...,49634,18987,-,-,1728,-,7983,2197,1379,2878,1438,1526,-,1502,-,5042,-,2227,3123,2778,2845,...,...,11716,28950,22419,-,-,-,-,-,38505,-,...,...,1961,...,-,16039,...,...,17274,...,...,49634,18987,-,-,1637,-,8052,2362,1556,3050,1438,1488,-,1554,-,4841,-,1949,3123,3140,2954,...,...,11713,31328,22151,-,-,-,-,-,35948,-,...,...,1960,...,-,15629,...,...,16202,...,...,51480,19104,-,-,1637,-,8052,2362,1556,3050,1438,1488,-,1554,-,4841,-,1949,3123,3140,2954,...,...,11713,31328,22151,-,-,-,-,-,35948,-,...,...,1960,...,-,15629,...,...,16202,...,...,51480,19104,-,-,1629,-,8156,2458,1563,3289,1436,1449,-,1527,-,4841,-,1912,3066,3206,2738,...,...,11710,28886,21486,-,-,-,-,-,35351,-,...,...,1960,...,-,15689,...,...,16292,...,...,51517,19249,-,-,1629,-,8156,2458,1563,3289,1436,1449,-,1527,-,4841,-,1912,3066,3206,2738,...,...,11710,28886,21486,-,-,-,-,-,35351,-,...,...,1960,...,-,15689,...,...,16292,...,...,51517,19249,-,-,1628,-,8256,2485,1382,3304,1436,1449,-,1591,-,4856,-,1912,3066,3207,2753,...,...,11710,28886,21486,-,-,-,-,-,35415,-,...,...,2013,...,-,15768,...,...,16257,...,...,51517,19246,-,-,1626,-,8459,2082,1294,2839,1436,1455,-,1591,-,4854,-,1912,3068,2481,2459,...,...,11710,28891,21528,-,-,-,-,-,35773,-,...,...,2017,...,-,15967,...,...,16239,...,...,51530,19246,-,-,1626,-,8459,2082,1294,2839,1436,1455,-,1591,-,4854,-,1912,3068,2481,2459,...,...,11710,28891,21528,-,-,-,-,-,35773,-,...,...,2017,...,-,15967,...,...,16239,...,...,51530,19246,-,-,1626,-,8575,1619,1036,1961,1436,1455,-,1591,-,4854,-,1912,3068,1751,1858,...,...,11712,28891,21518,-,-,-,-,-,35698,-,...,...,2019,...,-,15585,...,...,16182,...,...,51610,19245
Mato Grosso do Sul,-,4517,3501,-,7346,-,-,-,1705,1244,2057,-,-,10000,4666,3465,3262,1773,-,...,...,10381,-,-,-,-,-,1029,-,70878,-,...,...,-,...,-,19811,...,...,21907,...,...,34686,11833,-,4517,3501,-,7346,-,-,-,1705,1244,2057,-,-,10000,4666,3465,3262,1773,-,...,...,10381,-,-,-,-,-,1029,-,70878,-,...,...,-,...,-,19811,...,...,21907,...,...,34686,11833,-,4517,3501,-,7346,-,-,-,1705,1244,2057,-,-,10000,4666,3465,3262,1773,-,...,...,10381,-,-,-,-,-,1029,-,70878,-,...,...,-,...,-,19811,...,...,21907,...,...,34686,11833,-,4517,3501,-,7346,-,-,-,1705,1244,2057,-,-,10000,4666,3465,3262,1773,-,...,...,10381,-,-,-,-,-,1029,-,70878,-,...,...,-,...,-,19811,...,...,21907,...,...,34686,11833,-,4800,3287,-,7190,-,-,-,1198,1402,1811,-,-,9208,5200,3660,3586,2116,-,...,...,11061,-,-,-,-,-,1029,-,70878,-,...,...,-,...,-,21618,...,...,21414,...,...,35792,11500,-,4606,3213,-,6431,-,-,-,2045,1324,2610,-,-,8586,5471,3608,3032,2186,-,...,...,12317,-,-,-,-,-,1029,-,67946,-,...,...,-,...,-,21756,...,...,22218,...,...,33939,9800,-,4606,3213,-,6431,-,-,-,2045,1324,2610,-,-,8586,5471,3608,3032,2186,-,...,...,12317,-,-,-,-,-,1029,-,67946,-,...,...,-,...,-,21756,...,...,22218,...,...,33939,9800,-,4556,2912,-,6368,-,-,-,2030,1402,1905,-,-,8381,5488,3647,3079,2266,-,...,...,11988,-,-,-,-,-,1035,-,66132,-,...,...,-,...,-,22542,...,...,22150,...,...,34630,11800,-,4556,2912,-,6368,-,-,-,2030,1402,1905,-,-,8381,5488,3647,3079,2266,-,...,...,11988,-,-,-,-,-,1035,-,66132,-,...,...,-,...,-,22542,...,...,22150,...,...,34630,11800,-,5025,2912,-,6393,-,-,-,2030,1405,1981,-,-,8381,5555,3646,3880,2383,-,...,...,11592,-,-,-,-,-,1035,-,73041,-,...,...,-,...,-,23547,...,...,22398,...,...,34532,11800,-,5025,2912,-,6393,-,-,-,2030,1405,1981,-,-,8381,5555,3646,3880,2383,-,...,...,11592,-,-,-,-,-,1035,-,73041,-,...,...,-,...,-,23547,...,...,22398,...,...,34532,11800,-,4902,2912,-,6468,-,-,-,2140,1459,2104,-,-,8240,5591,3654,3620,2635,-,...,...,11786,-,-,-,-,-,1738,-,78384,-,...,...,-,...,-,22831,...,...,22225,...,...,33902,10600
Mato Grosso,-,4067,5373,2632,3261,-,-,-,1140,1204,2504,1545,-,5984,6063,3421,2916,-,-,...,...,10408,-,-,-,658,-,1810,838,77790,587,...,...,-,...,-,9453,...,...,14594,...,...,20596,24769,-,4067,5373,2632,3261,-,-,-,1140,1204,2504,1545,-,5984,6063,3421,2916,-,-,...,...,10408,-,-,-,658,-,1810,838,77790,587,...,...,-,...,-,9453,...,...,14594,...,...,20596,24769,-,4118,5373,2632,3257,-,-,-,1140,1199,2504,1545,-,5915,6079,3716,2940,-,-,...,...,10365,-,-,-,658,-,1810,939,77419,587,...,...,-,...,-,9453,...,...,14600,...,...,20692,24769,-,4118,5373,2632,3257,-,-,-,1140,1199,2504,1545,-,5915,6079,3716,2940,-,-,...,...,10365,-,-,-,658,-,1810,939,77419,587,...,...,-,...,-,9453,...,...,14600,...,...,20692,24769,-,4149,5373,2632,3249,-,-,-,1140,1199,2504,1545,-,5915,6280,3716,2975,-,-,...,...,10365,-,-,-,658,-,1810,939,77419,587,...,...,-,...,-,9453,...,...,14600,...,...,20692,24769,-,4149,5373,2632,3249,-,-,-,1140,1199,2504,1545,-,5915,6280,3716,2975,-,-,...,...,10365,-,-,-,658,-,1810,939,77419,587,...,...,-,...,-,9453,...,...,14600,...,...,20692,24769,-,4219,5373,2632,3249,-,-,-,1140,1199,2504,1457,-,5955,6376,3716,2975,-,-,...,...,10357,-,-,-,658,-,1810,939,77418,587,...,...,-,...,-,9490,...,...,14633,...,...,20816,24769,-,4219,5373,2632,3249,-,-,-,1140,1199,2504,1457,-,5955,6376,3716,2975,-,-,...,...,10372,-,-,-,658,-,1810,939,77418,587,...,...,-,...,-,9490,...,...,14633,...,...,20816,24769,-,4304,5373,2132,3317,-,-,-,1140,1199,2710,1457,960,5909,6770,3727,2873,-,-,...,...,10640,-,-,-,657,-,1810,954,78511,587,...,...,-,...,-,9532,...,...,14880,...,...,20690,10056,-,4304,5373,2132,3317,-,-,-,1140,1199,2710,1457,960,5909,6770,3727,2873,-,-,...,...,10640,-,-,-,657,-,1810,954,78511,587,...,...,-,...,-,9532,...,...,14880,...,...,20690,10056,-,4359,5373,2132,3325,-,-,-,1140,1206,2710,1457,960,5907,6751,3711,2848,-,-,...,...,10640,-,-,-,657,-,1810,954,78511,587,...,...,-,...,-,9532,...,...,14874,...,...,20690,10056,-,4359,5373,2132,3325,-,-,-,1140,1206,2710,1457,960,5907,6751,3711,2848,-,-,...,...,10640,-,-,-,657,-,1810,954,78511,587,...,...,-,...,-,9532,...,...,14874,...,...,20690,10056
Goiás,-,4125,-,-,3852,-,-,-,2381,2077,2900,1605,-,8266,6125,3488,3377,4267,-,...,...,15555,-,-,18982,-,-,2475,-,78678,-,...,...,-,...,-,21448,...,...,15760,...,...,93832,21389,-,4125,-,-,4555,-,-,-,2420,2000,2904,1728,-,8238,5911,3524,3377,4111,-,...,...,15434,-,-,17391,-,-,2467,-,78674,-,...,...,-,...,-,21448,...,...,15759,...,...,93832,19655,-,4125,-,-,4555,-,-,-,2420,2000,2904,1728,-,8238,5911,3524,3377,4111,-,...,...,15434,-,-,17391,-,-,2467,-,78674,-,...,...,-,...,-,21448,...,...,15759,...,...,93832,19655,-,4097,-,-,4557,-,-,-,2406,2000,2934,1728,-,8270,6004,3630,3365,4102,-,...,...,15434,-,-,30000,-,-,2467,-,78685,-,...,...,-,...,-,21448,...,...,15759,...,...,93887,19655,-,4097,-,-,4557,-,-,-,2414,1996,2934,1736,-,8271,5988,3674,3356,4111,-,...,...,15314,-,-,30000,-,-,2467,-,78679,-,...,...,-,...,-,21448,...,...,15762,...,...,86984,19655,-,4097,-,-,4557,-,-,-,2414,1996,2934,1736,-,8271,5988,3674,3356,4111,-,...,...,15314,-,-,30000,-,-,2467,-,78679,-,...,...,-,...,-,21448,...,...,15762,...,...,86984,19655,-,4097,-,-,4557,-,-,-,2414,1996,2934,1736,-,8271,5988,3674,3356,4111,-,...,...,15314,-,-,30000,-,-,2467,-,78679,-,...,...,-,...,-,21448,...,...,15762,...,...,86984,19655,-,4055,-,-,4856,-,-,-,2403,2129,2921,1763,-,8467,6582,3749,3217,3861,-,...,...,15167,-,-,19454,-,-,2459,-,81247,-,...,...,-,...,-,23674,...,...,15621,...,...,79929,19655,-,4086,-,-,4859,-,-,-,2403,2129,2919,1645,-,8470,6569,3752,3464,3834,-,...,...,15355,-,-,19454,-,-,2459,-,81708,-,...,...,-,...,-,23674,...,...,17449,...,...,79812,18915,-,4069,-,-,4893,-,-,-,2404,2130,3021,1648,-,8495,6531,3752,3495,3834,-,...,...,15356,-,-,46469,-,-,2454,-,81346,-,...,...,-,...,-,23771,...,...,15856,...,...,77514,18056,-,4059,-,-,4905,-,-,-,2404,2130,3022,1638,-,8512,6517,3777,3491,3834,-,...,...,15349,-,-,46469,-,-,2460,-,81356,-,...,...,-,...,-,23806,...,...,15856,...,...,77686,18056,-,3835,-,-,4928,-,-,-,2440,2130,3021,1638,-,8554,6517,3777,3491,4221,-,...,...,15491,-,-,46469,-,-,2460,-,81353,-,...,...,-,...,-,23806,...,...,15872,...,...,77712,18096
Distrito Federal,-,-,-,-,-,-,-,-,3000,1470,3000,1900,-,9600,6133,3900,4200,3993,-,...,...,18483,-,41560,-,-,-,2278,-,84839,-,...,...,-,...,-,20220,...,...,15746,...,...,79446,22860,-,-,-,-,-,-,-,-,3000,1470,3000,1900,-,9600,6133,3900,4200,3993,-,...,...,18483,-,41560,-,-,-,2278,-,84839,-,...,...,-,...,-,20220,...,...,15746,...,...,79446,22860,-,-,-,-,-,-,-,-,3000,1470,3000,1900,-,9600,6133,3900,4200,3993,-,...,...,18483,-,41560,-,-,-,2278,-,84839,-,...,...,-,...,-,20220,...,...,15746,...,...,79446,22860,-,-,-,-,-,-,-,-,3000,1470,3000,1900,-,9600,6133,3900,4200,3993,-,...,...,18483,-,41560,-,-,-,2278,-,84839,-,...,...,-,...,-,20220,...,...,15746,...,...,79446,22860,-,-,-,-,-,-,-,-,2700,1470,3300,1900,-,9600,6142,3000,4200,3413,-,...,...,18483,-,41560,-,-,-,2278,-,84839,-,...,...,-,...,-,20220,...,...,15746,...,...,79446,22860,-,-,-,-,-,-,-,-,2700,1470,3300,1900,-,9600,6142,3000,4200,3413,-,...,...,18483,-,41560,-,-,-,2278,-,84839,-,...,...,-,...,-,20220,...,...,15746,...,...,79446,22860,-,-,-,-,-,-,-,-,2700,1470,3300,1900,-,9600,6142,3000,4200,3413,-,...,...,18483,-,41560,-,-,-,2278,-,84839,-,...,...,-,...,-,20220,...,...,15746,...,...,79446,22860,-,-,-,-,-,-,-,-,2700,1470,3300,1900,-,9600,6142,3000,4200,3413,-,...,...,18483,-,41560,-,-,-,2278,-,84839,-,...,...,-,...,-,20220,...,...,15746,...,...,79446,22860,-,-,-,-,-,-,-,-,2700,1470,3300,1900,-,9600,6142,3000,4200,3413,-,...,...,18483,-,41560,-,-,-,2278,-,84839,-,...,...,-,...,-,20220,...,...,15746,...,...,79446,22860,-,-,-,-,-,-,-,-,2700,1470,3300,1900,-,9600,6142,3000,4200,3413,-,...,...,18483,-,41560,-,-,-,2278,-,84839,-,...,...,-,...,-,20220,...,...,15746,...,...,79446,22860,-,-,-,-,-,-,-,-,2700,1470,3300,1900,-,9600,6142,3000,4200,3413,-,...,...,18483,-,41560,-,-,-,2278,-,84839,-,...,...,-,...,-,20220,...,...,15746,...,...,79446,22860,-,-,-,-,-,-,-,-,2700,1470,3300,1900,-,9600,4474,3000,3900,3413,-,...,...,18483,-,41560,-,-,-,2278,-,84839,-,...,...,-,...,-,20220,...,...,15746,...,...,79446,22860
Fonte: IBGE - Levantamento Sistemático da Produção Agrícola,,,,,,,,,,,,,,,,,,,,,,,,,,,,,,,,,,,,,,,,,,,,,,,,,,,,,,,,,,,,,,,,,,,,,,,,,,,,,,,,,,,,,,,,,,,,,,,,,,,,,,,,,,,,,,,,,,,,,,,,,,,,,,,,,,,,,,,,,,,,,,,,,,,,,,,,,,,,,,,,,,,,,,,,,,,,,,,,,,,,,,,,,,,,,,,,,,,,,,,,,,,,,,,,,,,,,,,,,,,,,,,,,,,,,,,,,,,,,,,,,,,,,,,,,,,,,,,,,,,,,,,,,,,,,,,,,,,,,,,,,,,,,,,,,,,,,,,,,,,,,,,,,,,,,,,,,,,,,,,,,,,,,,,,,,,,,,,,,,,,,,,,,,,,,,,,,,,,,,,,,,,,,,,,,,,,,,,,,,,,,,,,,,,,,,,,,,,,,,,,,,,,,,,,,,,,,,,,,,,,,,,,,,,,,,,,,,,,,,,,,,,,,,,,,,,,,,,,,,,,,,,,,,,,,,,,,,,,,,,,,,,,,,,,,,,,,,,,,,,,,,,,,,,,,,,,,,,,,,,,,,,,,,,,
